id,target
10001,5
10002,12
10003,8
10004,12
10005,18
10006,18
10007,6
10008,12
10009,19
10010,14
10011,2
10012,8
10013,19
10014,10
10015,12
10016,9
10017,13
10018,5
10019,3
10020,17
10021,3
10022,2
10023,9
10024,19
10025,8
10026,4
10027,14
10028,4
10029,16
10030,14
10031,9
10032,10
10033,11
10034,4
10035,16
10036,7
10037,1
10038,8
10039,11
10040,9
10041,4
10042,11
10043,1
10044,8
10045,16
10046,7
10047,13
10048,3
10049,19
10050,18
10051,15
10052,5
10053,16
10054,3
10055,0
10056,4
10057,1
10058,1
10059,3
10060,2
10061,18
10062,16
10063,14
10064,16
10065,15
10066,4
10067,3
10068,4
10069,3
10070,8
10071,16
10072,7
10073,14
10074,7
10075,17
10076,1
10077,11
10078,17
10079,4
10080,12
10081,14
10082,8
10083,15
10084,10
10085,10
10086,17
10087,11
10088,5
10089,1
10090,9
10091,15
10092,15
10093,9
10094,2
10095,6
10096,6
10097,9
10098,6
10099,11
10100,7
10101,10
10102,12
10103,8
10104,13
10105,10
10106,6
10107,16
10108,5
10109,9
10110,13
10111,19
10112,7
10113,18
10114,2
10115,4
10116,1
10117,16
10118,8
10119,19
10120,11
10121,7
10122,14
10123,9
10124,3
10125,2
10126,11
10127,12
10128,13
10129,14
10130,18
10131,1
10132,10
10133,11
10134,4
10135,2
10136,15
10137,17
10138,14
10139,15
10140,16
10141,5
10142,10
10143,17
10144,5
10145,15
10146,6
10147,18
10148,11
10149,10
10150,9
10151,8
10152,12
10153,3
10154,0
10155,6
10156,16
10157,0
10158,2
10159,14
10160,2
10161,10
10162,2
10163,5
10164,7
10165,2
10166,17
10167,5
10168,16
10169,9
10170,12
10171,11
10172,10
10173,6
10174,7
10175,11
10176,19
10177,18
10178,18
10179,11
10180,19
10181,19
10182,9
10183,17
10184,4
10185,11
10186,9
10187,6
10188,17
10189,3
10190,1
10191,7
10192,2
10193,4
10194,15
10195,2
10196,2
10197,17
10198,13
10199,7
10200,3
10201,10
10202,7
10203,0
10204,9
10205,5
10206,5
10207,14
10208,11
10209,9
10210,7
10211,17
10212,12
10213,0
10214,7
10215,7
10216,11
10217,16
10218,16
10219,7
10220,0
10221,6
10222,14
10223,9
10224,16
10225,6
10226,0
10227,11
10228,17
10229,9
10230,11
10231,4
10232,9
10233,13
10234,7
10235,15
10236,12
10237,19
10238,16
10239,17
10240,15
10241,1
10242,15
10243,14
10244,14
10245,15
10246,6
10247,13
10248,1
10249,2
10250,6
10251,15
10252,10
10253,13
10254,8
10255,0
10256,13
10257,4
10258,5
10259,13
10260,15
10261,0
10262,6
10263,14
10264,12
10265,7
10266,10
10267,4
10268,8
10269,9
10270,10
10271,9
10272,7
10273,7
10274,1
10275,19
10276,9
10277,13
10278,0
10279,19
10280,15
10281,12
10282,10
10283,13
10284,13
10285,18
10286,7
10287,17
10288,13
10289,16
10290,7
10291,18
10292,19
10293,6
10294,7
10295,13
10296,6
10297,4
10298,9
10299,2
10300,7
10301,12
10302,5
10303,5
10304,6
10305,13
10306,12
10307,10
10308,14
10309,1
10310,3
10311,8
10312,1
10313,14
10314,9
10315,18
10316,0
10317,6
10318,13
10319,14
10320,4
10321,16
10322,19
10323,14
10324,10
10325,5
10326,7
10327,8
10328,15
10329,3
10330,2
10331,17
10332,11
10333,3
10334,3
10335,0
10336,13
10337,5
10338,16
10339,2
10340,5
10341,15
10342,8
10343,11
10344,14
10345,13
10346,13
10347,10
10348,3
10349,5
10350,8
10351,6
10352,0
10353,6
10354,9
10355,0
10356,14
10357,10
10358,10
10359,10
10360,3
10361,15
10362,18
10363,13
10364,13
10365,19
10366,19
10367,18
10368,0
10369,0
10370,19
10371,11
10372,19
10373,8
10374,19
10375,6
10376,6
10377,13
10378,17
10379,5
10380,1
10381,12
10382,7
10383,9
10384,2
10385,6
10386,19
10387,10
10388,9
10389,5
10390,10
10391,12
10392,5
10393,1
10394,1
10395,3
10396,7
10397,5
10398,19
10399,12
10400,14
10401,14
10402,6
10403,15
10404,3
10405,12
10406,16
10407,17
10408,3
10409,15
10410,11
10411,3
10412,19
10413,0
10414,9
10415,16
10416,11
10417,0
10418,12
10419,13
10420,8
10421,9
10422,11
10423,4
10424,1
10425,4
10426,15
10427,12
10428,1
10429,6
10430,11
10431,16
10432,15
10433,15
10434,18
10435,10
10436,8
10437,3
10438,10
10439,19
10440,13
10441,0
10442,7
10443,1
10444,1
10445,17
10446,17
10447,19
10448,4
10449,18
10450,10
10451,1
10452,6
10453,13
10454,14
10455,19
10456,6
10457,3
10458,3
10459,3
10460,7
10461,17
10462,5
10463,4
10464,8
10465,8
10466,6
10467,3
10468,7
10469,4
10470,1
10471,14
10472,13
10473,18
10474,9
10475,0
10476,11
10477,13
10478,14
10479,3
10480,16
10481,17
10482,5
10483,14
10484,4
10485,10
10486,9
10487,4
10488,11
10489,0
10490,19
10491,13
10492,18
10493,8
10494,4
10495,18
10496,13
10497,3
10498,18
10499,16
10500,1
10501,13
10502,13
10503,3
10504,12
10505,14
10506,8
10507,3
10508,17
10509,12
10510,15
10511,14
10512,7
10513,17
10514,13
10515,8
10516,15
10517,15
10518,13
10519,6
10520,2
10521,7
10522,11
10523,14
10524,5
10525,3
10526,5
10527,3
10528,18
10529,6
10530,15
10531,11
10532,7
10533,18
10534,10
10535,14
10536,16
10537,9
10538,17
10539,7
10540,2
10541,1
10542,6
10543,13
10544,1
10545,9
10546,16
10547,19
10548,0
10549,11
10550,7
10551,3
10552,18
10553,1
10554,10
10555,6
10556,18
10557,9
10558,10
10559,1
10560,2
10561,17
10562,5
10563,4
10564,14
10565,8
10566,8
10567,6
10568,11
10569,5
10570,2
10571,16
10572,8
10573,15
10574,0
10575,19
10576,1
10577,6
10578,10
10579,13
10580,2
10581,18
10582,10
10583,7
10584,6
10585,19
10586,13
10587,4
10588,18
10589,2
10590,8
10591,3
10592,2
10593,0
10594,10
10595,1
10596,0
10597,1
10598,18
10599,6
10600,14
10601,12
10602,17
10603,15
10604,1
10605,2
10606,5
10607,10
10608,14
10609,8
10610,17
10611,2
10612,15
10613,15
10614,14
10615,14
10616,2
10617,5
10618,13
10619,6
10620,7
10621,15
10622,13
10623,18
10624,13
10625,16
10626,11
10627,1
10628,8
10629,0
10630,16
10631,17
10632,5
10633,16
10634,3
10635,18
10636,6
10637,14
10638,4
10639,1
10640,3
10641,10
10642,10
10643,7
10644,11
10645,10
10646,15
10647,12
10648,18
10649,1
10650,16
10651,4
10652,0
10653,18
10654,4
10655,9
10656,17
10657,1
10658,8
10659,12
10660,15
10661,2
10662,9
10663,3
10664,9
10665,10
10666,8
10667,11
10668,0
10669,19
10670,17
10671,16
10672,6
10673,1
10674,8
10675,16
10676,15
10677,16
10678,17
10679,16
10680,17
10681,9
10682,16
10683,17
10684,4
10685,3
10686,8
10687,13
10688,15
10689,1
10690,16
10691,4
10692,5
10693,10
10694,7
10695,0
10696,2
10697,5
10698,7
10699,16
10700,18
10701,15
10702,14
10703,19
10704,19
10705,4
10706,3
10707,7
10708,10
10709,4
10710,5
10711,7
10712,19
10713,19
10714,13
10715,17
10716,7
10717,14
10718,16
10719,10
10720,17
10721,19
10722,12
10723,16
10724,16
10725,17
10726,18
10727,18
10728,5
10729,4
10730,5
10731,3
10732,17
10733,7
10734,7
10735,16
10736,9
10737,8
10738,10
10739,19
10740,6
10741,8
10742,13
10743,8
10744,10
10745,13
10746,7
10747,9
10748,16
10749,7
10750,15
10751,10
10752,6
10753,7
10754,16
10755,4
10756,4
10757,17
10758,15
10759,2
10760,17
10761,11
10762,12
10763,11
10764,15
10765,6
10766,9
10767,13
10768,9
10769,9
10770,16
10771,14
10772,12
10773,15
10774,14
10775,2
10776,5
10777,17
10778,15
10779,6
10780,5
10781,19
10782,12
10783,13
10784,8
10785,13
10786,5
10787,9
10788,11
10789,3
10790,16
10791,19
10792,4
10793,3
10794,1
10795,0
10796,3
10797,6
10798,2
10799,14
10800,2
10801,4
10802,15
10803,16
10804,18
10805,1
10806,9
10807,17
10808,10
10809,18
10810,7
10811,15
10812,2
10813,10
10814,19
10815,14
10816,13
10817,0
10818,14
10819,17
10820,1
10821,2
10822,19
10823,13
10824,0
10825,12
10826,2
10827,6
10828,18
10829,1
10830,7
10831,5
10832,8
10833,17
10834,2
10835,19
10836,12
10837,4
10838,7
10839,13
10840,5
10841,6
10842,11
10843,13
10844,12
10845,17
10846,11
10847,5
10848,6
10849,18
10850,0
10851,16
10852,3
10853,6
10854,2
10855,3
10856,17
10857,11
10858,17
10859,3
10860,2
10861,1
10862,12
10863,16
10864,12
10865,17
10866,10
10867,5
10868,17
10869,16
10870,5
10871,5
10872,1
10873,18
10874,9
10875,7
10876,9
10877,2
10878,4
10879,3
10880,4
10881,0
10882,15
10883,8
10884,6
10885,9
10886,7
10887,11
10888,0
10889,2
10890,11
10891,7
10892,10
10893,4
10894,19
10895,18
10896,14
10897,15
10898,9
10899,2
10900,17
10901,5
10902,1
10903,4
10904,12
10905,6
10906,7
10907,1
10908,8
10909,16
10910,13
10911,1
10912,2
10913,17
10914,12
10915,19
10916,8
10917,7
10918,9
10919,15
10920,2
10921,3
10922,2
10923,19
10924,15
10925,4
10926,2
10927,1
10928,9
10929,5
10930,6
10931,10
10932,17
10933,7
10934,12
10935,12
10936,9
10937,19
10938,10
10939,8
10940,9
10941,15
10942,15
10943,10
10944,8
10945,16
10946,19
10947,3
10948,8
10949,11
10950,10
10951,3
10952,9
10953,3
10954,1
10955,1
10956,18
10957,13
10958,19
10959,12
10960,14
10961,14
10962,15
10963,9
10964,8
10965,1
10966,2
10967,5
10968,6
10969,10
10970,14
10971,12
10972,12
10973,8
10974,8
10975,7
10976,3
10977,5
10978,10
10979,3
10980,1
10981,0
10982,15
10983,4
10984,6
10985,15
10986,11
10987,5
10988,3
10989,5
10990,19
10991,12
10992,10
10993,7
10994,13
10995,11
10996,12
10997,18
10998,1
10999,1
11000,1
11001,13
11002,14
11003,15
11004,3
11005,0
11006,13
11007,9
11008,16
11009,2
11010,12
11011,11
11012,19
11013,1
11014,19
11015,14
11016,7
11017,11
11018,17
11019,3
11020,8
11021,16
11022,1
11023,4
11024,15
11025,18
11026,9
11027,11
11028,5
11029,5
11030,18
11031,18
11032,15
11033,15
11034,13
11035,6
11036,11
11037,9
11038,10
11039,12
11040,6
11041,11
11042,0
11043,2
11044,12
11045,19
11046,5
11047,19
11048,3
11049,3
11050,0
11051,3
11052,0
11053,13
11054,3
11055,9
11056,8
11057,12
11058,0
11059,19
11060,12
11061,13
11062,10
11063,6
11064,6
11065,3
11066,2
11067,1
11068,11
11069,2
11070,8
11071,5
11072,5
11073,16
11074,11
11075,10
11076,3
11077,19
11078,8
11079,12
11080,4
11081,17
11082,6
11083,16
11084,5
11085,9
11086,9
11087,3
11088,7
11089,1
11090,15
11091,4
11092,12
11093,18
11094,7
11095,5
11096,14
11097,17
11098,13
11099,13
11100,16
11101,12
11102,9
11103,18
11104,16
11105,10
11106,6
11107,1
11108,18
11109,3
11110,9
11111,7
11112,15
11113,0
11114,13
11115,11
11116,1
11117,16
11118,4
11119,10
11120,10
11121,11
11122,16
11123,10
11124,17
11125,12
11126,8
11127,16
11128,8
11129,8
11130,0
11131,10
11132,5
11133,14
11134,13
11135,10
11136,3
11137,13
11138,14
11139,14
11140,4
11141,6
11142,2
11143,6
11144,9
11145,8
11146,5
11147,7
11148,11
11149,17
11150,10
11151,8
11152,5
11153,5
11154,3
11155,18
11156,18
11157,6
11158,9
11159,0
11160,3
11161,1
11162,3
11163,14
11164,15
11165,19
11166,7
11167,12
11168,4
11169,12
11170,5
11171,16
11172,16
11173,1
11174,14
11175,17
11176,16
11177,8
11178,12
11179,14
11180,14
11181,19
11182,9
11183,4
11184,12
11185,17
11186,15
11187,0
11188,19
11189,3
11190,10
11191,11
11192,18
11193,18
11194,12
11195,1
11196,3
11197,6
11198,15
11199,5
11200,10
11201,6
11202,14
11203,2
11204,14
11205,0
11206,12
11207,2
11208,12
11209,6
11210,18
11211,3
11212,18
11213,19
11214,3
11215,12
11216,8
11217,15
11218,10
11219,11
11220,8
11221,16
11222,13
11223,5
11224,16
11225,1
11226,16
11227,4
11228,17
11229,2
11230,4
11231,13
11232,7
11233,7
11234,14
11235,6
11236,15
11237,3
11238,2
11239,19
11240,5
11241,18
11242,19
11243,8
11244,10
11245,15
11246,0
11247,15
11248,15
11249,18
11250,7
11251,12
11252,7
11253,10
11254,12
11255,13
11256,5
11257,8
11258,11
11259,13
11260,3
11261,8
11262,4
11263,14
11264,16
11265,1
11266,3
11267,2
11268,14
11269,4
11270,5
11271,4
11272,0
11273,0
11274,9
11275,18
11276,14
11277,4
11278,18
11279,14
11280,4
11281,0
11282,19
11283,4
11284,15
11285,16
11286,10
11287,7
11288,15
11289,15
11290,3
11291,5
11292,2
11293,17
11294,16
11295,5
11296,10
11297,11
11298,13
11299,12
11300,19
11301,15
11302,18
11303,3
11304,10
11305,6
11306,10
11307,19
11308,3
11309,14
11310,11
11311,14
11312,16
11313,8
11314,14
11315,5
11316,13
11317,3
11318,4
11319,7
11320,10
11321,8
11322,10
11323,1
11324,6
11325,7
11326,0
11327,10
11328,19
11329,2
11330,4
11331,4
11332,8
11333,2
11334,5
11335,16
11336,19
11337,17
11338,4
11339,3
11340,1
11341,14
11342,9
11343,17
11344,10
11345,10
11346,2
11347,19
11348,11
11349,5
11350,12
11351,12
11352,12
11353,1
11354,8
11355,4
11356,16
11357,8
11358,11
11359,12
11360,14
11361,11
11362,19
11363,13
11364,15
11365,8
11366,18
11367,12
11368,14
11369,19
11370,9
11371,1
11372,2
11373,9
11374,3
11375,3
11376,7
11377,16
11378,4
11379,9
11380,0
11381,17
11382,3
11383,18
11384,15
11385,6
11386,4
11387,9
11388,14
11389,6
11390,13
11391,9
11392,16
11393,4
11394,8
11395,14
11396,1
11397,0
11398,5
11399,16
11400,3
11401,2
11402,16
11403,16
11404,15
11405,7
11406,0
11407,17
11408,16
11409,19
11410,14
11411,0
11412,7
11413,6
11414,19
11415,10
11416,17
11417,1
11418,14
11419,10
11420,0
11421,7
11422,2
11423,10
11424,11
11425,16
11426,11
11427,1
11428,14
11429,5
11430,10
11431,3
11432,1
11433,1
11434,9
11435,14
11436,0
11437,6
11438,13
11439,4
11440,10
11441,4
11442,11
11443,5
11444,15
11445,10
11446,5
11447,2
11448,12
11449,2
11450,7
11451,13
11452,14
11453,13
11454,14
11455,9
11456,12
11457,9
11458,1
11459,10
11460,4
11461,11
11462,19
11463,12
11464,5
11465,16
11466,19
11467,9
11468,10
11469,5
11470,2
11471,3
11472,14
11473,16
11474,19
11475,18
11476,13
11477,17
11478,2
11479,0
11480,12
11481,1
11482,12
11483,7
11484,7
11485,0
11486,19
11487,14
11488,8
11489,19
11490,13
11491,4
11492,7
11493,0
11494,9
11495,14
11496,9
11497,7
11498,13
11499,5
11500,1
11501,11
11502,1
11503,12
11504,14
11505,9
11506,2
11507,13
11508,6
11509,15
11510,7
11511,11
11512,3
11513,16
11514,9
11515,19
11516,19
11517,14
11518,0
11519,12
11520,17
11521,1
11522,1
11523,15
11524,2
11525,6
11526,8
11527,12
11528,14
11529,8
11530,9
11531,11
11532,10
11533,4
11534,16
11535,12
11536,15
11537,7
11538,17
11539,4
11540,12
11541,15
11542,12
11543,3
11544,11
11545,4
11546,19
11547,1
11548,9
11549,15
11550,4
11551,7
11552,8
11553,8
11554,16
11555,3
11556,15
11557,17
11558,11
11559,6
11560,17
11561,13
11562,14
11563,1
11564,8
11565,17
11566,14
11567,19
11568,19
11569,8
11570,4
11571,1
11572,19
11573,14
11574,4
11575,7
11576,8
11577,14
11578,2
11579,18
11580,19
11581,18
11582,10
11583,9
11584,14
11585,19
11586,16
11587,5
11588,19
11589,3
11590,10
11591,2
11592,0
11593,9
11594,19
11595,9
11596,15
11597,8
11598,0
11599,12
11600,1
11601,15
11602,11
11603,6
11604,5
11605,5
11606,11
11607,12
11608,15
11609,6
11610,1
11611,11
11612,9
11613,9
11614,0
11615,13
11616,12
11617,1
11618,14
11619,9
11620,14
11621,1
11622,8
11623,5
11624,11
11625,16
11626,14
11627,1
11628,2
11629,15
11630,13
11631,7
11632,9
11633,5
11634,10
11635,16
11636,4
11637,11
11638,3
11639,0
11640,8
11641,4
11642,3
11643,12
11644,8
11645,2
11646,4
11647,4
11648,2
11649,3
11650,17
11651,4
11652,17
11653,3
11654,14
11655,8
11656,11
11657,10
11658,12
11659,3
11660,6
11661,6
11662,6
11663,8
11664,10
11665,11
11666,11
11667,10
11668,13
11669,17
11670,12
11671,15
11672,19
11673,6
11674,16
11675,11
11676,18
11677,18
11678,10
11679,18
11680,15
11681,3
11682,0
11683,15
11684,6
11685,8
11686,2
11687,4
11688,13
11689,8
11690,16
11691,11
11692,16
11693,18
11694,17
11695,11
11696,10
11697,19
11698,17
11699,5
11700,10
11701,4
11702,6
11703,1
11704,6
11705,5
11706,18
11707,0
11708,19
11709,8
11710,9
11711,1
11712,14
11713,10
11714,8
11715,3
11716,14
11717,6
11718,16
11719,12
11720,11
11721,16
11722,9
11723,12
11724,7
11725,4
11726,2
11727,1
11728,2
11729,2
11730,8
11731,0
11732,4
11733,17
11734,10
11735,14
11736,7
11737,16
11738,17
11739,14
11740,16
11741,1
11742,3
11743,4
11744,4
11745,6
11746,19
11747,15
11748,5
11749,7
11750,4
11751,0
11752,6
11753,7
11754,3
11755,11
11756,15
11757,18
11758,12
11759,6
11760,13
11761,14
11762,10
11763,15
11764,12
11765,8
11766,2
11767,15
11768,11
11769,12
11770,10
11771,6
11772,2
11773,2
11774,3
11775,16
11776,1
11777,10
11778,7
11779,5
11780,9
11781,6
11782,7
11783,14
11784,6
11785,18
11786,4
11787,16
11788,13
11789,10
11790,0
11791,5
11792,1
11793,2
11794,8
11795,1
11796,5
11797,4
11798,4
11799,10
11800,6
11801,16
11802,3
11803,0
11804,3
11805,0
11806,11
11807,17
11808,0
11809,7
11810,2
11811,16
11812,3
11813,11
11814,5
11815,8
11816,4
11817,19
11818,13
11819,17
11820,8
11821,6
11822,12
11823,16
11824,1
11825,16
11826,18
11827,17
11828,18
11829,3
11830,16
11831,15
11832,10
11833,10
11834,10
11835,5
11836,6
11837,17
11838,1
11839,2
11840,7
11841,19
11842,15
11843,7
11844,19
11845,3
11846,1
11847,8
11848,2
11849,5
11850,13
11851,3
11852,3
11853,12
11854,3
11855,13
11856,5
11857,3
11858,8
11859,0
11860,0
11861,7
11862,6
11863,8
11864,1
11865,0
11866,13
11867,18
11868,8
11869,12
11870,13
11871,5
11872,17
11873,4
11874,14
11875,6
11876,1
11877,9
11878,0
11879,15
11880,17
11881,6
11882,12
11883,9
11884,2
11885,14
11886,18
11887,1
11888,17
11889,14
11890,2
11891,4
11892,11
11893,8
11894,7
11895,19
11896,18
11897,4
11898,10
11899,19
11900,0
11901,0
11902,9
11903,10
11904,4
11905,16
11906,11
11907,4
11908,16
11909,7
11910,12
11911,17
11912,1
11913,1
11914,2
11915,4
11916,3
11917,7
11918,3
11919,14
11920,10
11921,10
11922,7
11923,7
11924,9
11925,16
11926,17
11927,15
11928,19
11929,13
11930,8
11931,1
11932,19
11933,12
11934,11
11935,7
11936,5
11937,2
11938,4
11939,9
11940,4
11941,8
11942,1
11943,13
11944,17
11945,6
11946,19
11947,7
11948,7
11949,2
11950,13
11951,15
11952,5
11953,7
11954,3
11955,17
11956,6
11957,14
11958,4
11959,14
11960,8
11961,17
11962,1
11963,15
11964,1
11965,6
11966,19
11967,8
11968,19
11969,16
11970,16
11971,3
11972,4
11973,2
11974,8
11975,9
11976,9
11977,3
11978,13
11979,10
11980,14
11981,0
11982,17
11983,0
11984,15
11985,0
11986,9
11987,14
11988,16
11989,3
11990,8
11991,8
11992,15
11993,5
11994,14
11995,14
11996,13
11997,11
11998,5
11999,4
12000,19
12001,10
12002,0
12003,1
12004,19
12005,7
12006,9
12007,19
12008,15
12009,14
12010,16
12011,11
12012,12
12013,11
12014,0
12015,17
12016,14
12017,14
12018,5
12019,15
12020,15
12021,15
12022,2
12023,13
12024,2
12025,19
12026,17
12027,1
12028,2
12029,2
12030,17
12031,10
12032,9
12033,3
12034,12
12035,12
12036,5
12037,1
12038,14
12039,12
12040,0
12041,15
12042,4
12043,13
12044,17
12045,9
12046,13
12047,17
12048,15
12049,0
12050,1
12051,12
12052,11
12053,13
12054,9
12055,19
12056,4
12057,18
12058,15
12059,10
12060,12
12061,8
12062,16
12063,18
12064,14
12065,5
12066,10
12067,9
12068,12
12069,13
12070,7
12071,9
12072,12
12073,14
12074,16
12075,10
12076,4
12077,1
12078,6
12079,19
12080,18
12081,18
12082,14
12083,9
12084,4
12085,1
12086,11
12087,16
12088,9
12089,4
12090,1
12091,12
12092,18
12093,4
12094,0
12095,13
12096,1
12097,18
12098,2
12099,8
12100,8
12101,12
12102,8
12103,5
12104,18
12105,13
12106,5
12107,11
12108,19
12109,16
12110,19
12111,8
12112,12
12113,11
12114,7
12115,5
12116,16
12117,2
12118,1
12119,7
12120,17
12121,13
12122,10
12123,0
12124,4
12125,1
12126,12
12127,1
12128,9
12129,19
12130,6
12131,13
12132,7
12133,12
12134,18
12135,14
12136,6
12137,9
12138,3
12139,11
12140,1
12141,16
12142,10
12143,14
12144,10
12145,4
12146,4
12147,2
12148,13
12149,8
12150,18
12151,5
12152,8
12153,15
12154,19
12155,9
12156,17
12157,6
12158,5
12159,10
12160,10
12161,13
12162,4
12163,18
12164,18
12165,8
12166,9
12167,3
12168,18
12169,19
12170,15
12171,15
12172,6
12173,4
12174,10
12175,2
12176,5
12177,8
12178,8
12179,13
12180,19
12181,1
12182,0
12183,8
12184,1
12185,6
12186,8
12187,13
12188,12
12189,18
12190,6
12191,4
12192,16
12193,4
12194,17
12195,1
12196,6
12197,16
12198,8
12199,5
12200,0
12201,4
12202,8
12203,16
12204,4
12205,7
12206,8
12207,3
12208,3
12209,10
12210,0
12211,9
12212,8
12213,9
12214,2
12215,4
12216,19
12217,11
12218,14
12219,2
12220,7
12221,2
12222,15
12223,1
12224,14
12225,13
12226,16
12227,13
12228,18
12229,9
12230,13
12231,15
12232,4
12233,14
12234,15
12235,19
12236,15
12237,14
12238,8
12239,3
12240,14
12241,14
12242,4
12243,9
12244,9
12245,7
12246,8
12247,10
12248,7
12249,2
12250,10
12251,6
12252,15
12253,10
12254,15
12255,8
12256,5
12257,18
12258,1
12259,7
12260,11
12261,15
12262,13
12263,19
12264,18
12265,12
12266,3
12267,10
12268,1
12269,7
12270,3
12271,15
12272,2
12273,17
12274,10
12275,15
12276,13
12277,14
12278,10
12279,19
12280,6
12281,13
12282,7
12283,6
12284,14
12285,12
12286,2
12287,1
12288,18
12289,1
12290,19
12291,6
12292,14
12293,7
12294,16
12295,6
12296,0
12297,18
12298,15
12299,12
12300,3
12301,18
12302,3
12303,8
12304,14
12305,19
12306,7
12307,6
12308,13
12309,3
12310,19
12311,15
12312,18
12313,10
12314,8
12315,18
12316,19
12317,6
12318,12
12319,2
12320,9
12321,4
12322,4
12323,8
12324,17
12325,4
12326,2
12327,3
12328,12
12329,12
12330,3
12331,4
12332,4
12333,5
12334,2
12335,16
12336,9
12337,16
12338,13
12339,4
12340,19
12341,5
12342,19
12343,11
12344,1
12345,10
12346,1
12347,17
12348,9
12349,4
12350,2
12351,9
12352,4
12353,15
12354,16
12355,3
12356,16
12357,8
12358,1
12359,2
12360,15
12361,19
12362,16
12363,5
12364,15
12365,2
12366,12
12367,18
12368,17
12369,6
12370,10
12371,16
12372,0
12373,1
12374,9
12375,15
12376,19
12377,3
12378,14
12379,4
12380,16
12381,13
12382,15
12383,0
12384,2
12385,16
12386,6
12387,17
12388,6
12389,16
12390,10
12391,16
12392,3
12393,3
12394,3
12395,1
12396,3
12397,16
12398,16
12399,6
12400,13
12401,3
12402,11
12403,14
12404,12
12405,10
12406,18
12407,9
12408,6
12409,12
12410,16
12411,5
12412,1
12413,6
12414,8
12415,18
12416,7
12417,2
12418,9
12419,17
12420,7
12421,4
12422,8
12423,3
12424,14
12425,11
12426,14
12427,6
12428,9
12429,14
12430,6
12431,9
12432,1
12433,6
12434,2
12435,16
12436,13
12437,10
12438,16
12439,2
12440,19
12441,6
12442,3
12443,9
12444,13
12445,6
12446,6
12447,0
12448,1
12449,4
12450,6
12451,11
12452,2
12453,18
12454,2
12455,13
12456,6
12457,13
12458,6
12459,16
12460,1
12461,1
12462,6
12463,9
12464,10
12465,6
12466,7
12467,8
12468,4
12469,16
12470,7
12471,13
12472,12
12473,2
12474,5
12475,3
12476,8
12477,7
12478,17
12479,6
12480,16
12481,16
12482,6
12483,0
12484,12
12485,16
12486,13
12487,10
12488,12
12489,17
12490,17
12491,10
12492,8
12493,10
12494,11
12495,5
12496,9
12497,5
12498,17
12499,14
12500,1
12501,7
12502,13
12503,15
12504,7
12505,5
12506,1
12507,2
12508,14
12509,19
12510,3
12511,5
12512,1
12513,12
12514,2
12515,6
12516,1
12517,1
12518,8
12519,13
12520,19
12521,6
12522,4
12523,16
12524,8
12525,19
12526,13
12527,16
12528,5
12529,4
12530,1
12531,18
12532,15
12533,18
12534,0
12535,2
12536,16
12537,13
12538,8
12539,2
12540,10
12541,7
12542,8
12543,9
12544,14
12545,8
12546,4
12547,17
12548,2
12549,14
12550,18
12551,9
12552,2
12553,1
12554,7
12555,12
12556,9
12557,17
12558,14
12559,9
12560,6
12561,1
12562,0
12563,10
12564,18
12565,17
12566,13
12567,11
12568,2
12569,6
12570,14
12571,7
12572,18
12573,5
12574,7
12575,17
12576,9
12577,18
12578,17
12579,19
12580,9
12581,9
12582,15
12583,14
12584,2
12585,16
12586,5
12587,17
12588,14
12589,14
12590,4
12591,15
12592,8
12593,5
12594,15
12595,8
12596,2
12597,3
12598,16
12599,13
12600,3
12601,4
12602,12
12603,7
12604,19
12605,15
12606,18
12607,17
12608,7
12609,15
12610,3
12611,0
12612,7
12613,14
12614,9
12615,2
12616,7
12617,11
12618,5
12619,9
12620,0
12621,1
12622,14
12623,15
12624,8
12625,17
12626,3
12627,17
12628,12
12629,6
12630,12
12631,17
12632,16
12633,10
12634,5
12635,11
12636,2
12637,15
12638,10
12639,1
12640,4
12641,14
12642,18
12643,6
12644,1
12645,19
12646,9
12647,1
12648,5
12649,10
12650,7
12651,10
12652,11
12653,8
12654,1
12655,2
12656,10
12657,15
12658,7
12659,7
12660,13
12661,17
12662,14
12663,17
12664,12
12665,7
12666,4
12667,4
12668,9
12669,9
12670,3
12671,15
12672,8
12673,0
12674,19
12675,9
12676,11
12677,2
12678,0
12679,8
12680,14
12681,5
12682,19
12683,3
12684,18
12685,3
12686,19
12687,4
12688,4
12689,7
12690,1
12691,18
12692,14
12693,12
12694,3
12695,3
12696,11
12697,15
12698,2
12699,14
12700,9
12701,17
12702,7
12703,19
12704,17
12705,19
12706,2
12707,16
12708,19
12709,17
12710,1
12711,8
12712,7
12713,10
12714,12
12715,11
12716,6
12717,5
12718,6
12719,1
12720,16
12721,0
12722,5
12723,14
12724,14
12725,17
12726,11
12727,17
12728,14
12729,4
12730,0
12731,10
12732,9
12733,2
12734,3
12735,13
12736,16
12737,4
12738,10
12739,8
12740,1
12741,17
12742,14
12743,16
12744,15
12745,8
12746,5
12747,3
12748,15
12749,13
12750,3
12751,5
12752,1
12753,1
12754,5
12755,19
12756,1
12757,17
12758,19
12759,8
12760,8
12761,16
12762,2
12763,16
12764,11
12765,14
12766,17
12767,15
12768,19
12769,18
12770,4
12771,3
12772,14
12773,9
12774,12
12775,6
12776,17
12777,15
12778,14
12779,18
12780,13
12781,19
12782,18
12783,16
12784,3
12785,13
12786,14
12787,16
12788,5
12789,9
12790,17
12791,1
12792,9
12793,8
12794,16
12795,5
12796,11
12797,17
12798,17
12799,3
12800,16
12801,13
12802,7
12803,9
12804,7
12805,4
12806,5
12807,13
12808,11
12809,18
12810,19
12811,15
12812,6
12813,3
12814,12
12815,9
12816,5
12817,19
12818,17
12819,15
12820,15
12821,18
12822,5
12823,14
12824,12
12825,11
12826,3
12827,16
12828,9
12829,10
12830,0
12831,7
12832,10
12833,6
12834,0
12835,19
12836,7
12837,10
12838,11
12839,7
12840,0
12841,8
12842,3
12843,6
12844,15
12845,4
12846,7
12847,14
12848,14
12849,11
12850,2
12851,14
12852,18
12853,14
12854,7
12855,18
12856,4
12857,5
12858,9
12859,12
12860,8
12861,4
12862,7
12863,0
12864,12
12865,5
12866,0
12867,1
12868,18
12869,12
12870,16
12871,15
12872,1
12873,17
12874,8
12875,2
12876,8
12877,18
12878,3
12879,11
12880,8
12881,16
12882,12
12883,0
12884,16
12885,18
12886,15
12887,0
12888,7
12889,9
12890,7
12891,0
12892,1
12893,8
12894,2
12895,16
12896,2
12897,19
12898,14
12899,1
12900,12
12901,1
12902,17
12903,14
12904,5
12905,9
12906,18
12907,1
12908,14
12909,0
12910,0
12911,18
12912,10
12913,17
12914,10
12915,0
12916,13
12917,2
12918,10
12919,14
12920,4
12921,7
12922,13
12923,13
12924,7
12925,10
12926,1
12927,7
12928,10
12929,3
12930,8
12931,11
12932,1
12933,8
12934,2
12935,1
12936,16
12937,2
12938,9
12939,19
12940,13
12941,0
12942,8
12943,3
12944,6
12945,14
12946,8
12947,19
12948,1
12949,6
12950,19
12951,17
12952,9
12953,8
12954,14
12955,2
12956,3
12957,8
12958,12
12959,12
12960,7
12961,3
12962,8
12963,4
12964,10
12965,16
12966,12
12967,6
12968,7
12969,0
12970,16
12971,14
12972,19
12973,12
12974,13
12975,16
12976,16
12977,6
12978,0
12979,9
12980,5
12981,1
12982,13
12983,11
12984,11
12985,16
12986,12
12987,12
12988,8
12989,10
12990,9
12991,14
12992,10
12993,3
12994,9
12995,14
12996,3
12997,9
12998,6
12999,4
13000,17
13001,0
13002,9
13003,15
13004,17
13005,8
13006,1
13007,11
13008,2
13009,4
13010,4
13011,11
13012,16
13013,18
13014,2
13015,6
13016,11
13017,10
13018,3
13019,13
13020,13
13021,10
13022,7
13023,9
13024,4
13025,12
13026,16
13027,8
13028,11
13029,5
13030,13
13031,16
13032,14
13033,13
13034,2
13035,3
13036,18
13037,17
13038,15
13039,5
13040,12
13041,7
13042,4
13043,13
13044,14
13045,6
13046,14
13047,5
13048,0
13049,7
13050,2
13051,11
13052,12
13053,13
13054,18
13055,7
13056,13
13057,9
13058,18
13059,5
13060,4
13061,15
13062,16
13063,8
13064,12
13065,5
13066,7
13067,7
13068,11
13069,18
13070,16
13071,12
13072,8
13073,0
13074,9
13075,17
13076,1
13077,10
13078,5
13079,1
13080,17
13081,12
13082,14
13083,18
13084,14
13085,3
13086,14
13087,6
13088,8
13089,13
13090,2
13091,17
13092,12
13093,19
13094,16
13095,7
13096,2
13097,14
13098,5
13099,9
13100,9
13101,3
13102,16
13103,9
13104,5
13105,10
13106,11
13107,2
13108,0
13109,13
13110,9
13111,6
13112,16
13113,5
13114,15
13115,15
13116,10
13117,1
13118,3
13119,13
13120,4
13121,18
13122,8
13123,9
13124,13
13125,8
13126,16
13127,2
13128,19
13129,19
13130,4
13131,5
13132,14
13133,8
13134,2
13135,6
13136,7
13137,17
13138,1
13139,0
13140,9
13141,15
13142,4
13143,10
13144,12
13145,1
13146,0
13147,18
13148,5
13149,9
13150,5
13151,16
13152,3
13153,5
13154,5
13155,16
13156,15
13157,15
13158,3
13159,7
13160,6
13161,3
13162,8
13163,16
13164,2
13165,19
13166,11
13167,3
13168,1
13169,13
13170,19
13171,12
13172,5
13173,15
13174,15
13175,11
13176,11
13177,0
13178,6
13179,11
13180,2
13181,2
13182,4
13183,8
13184,7
13185,14
13186,8
13187,17
13188,12
13189,16
13190,19
13191,17
13192,12
13193,16
13194,17
13195,13
13196,2
13197,12
13198,5
13199,0
13200,10
13201,16
13202,18
13203,10
13204,12
13205,4
13206,16
13207,9
13208,1
13209,18
13210,12
13211,16
13212,12
13213,7
13214,19
13215,5
13216,3
13217,16
13218,13
13219,18
13220,7
13221,3
13222,1
13223,14
13224,15
13225,0
13226,18
13227,14
13228,7
13229,11
13230,11
13231,1
13232,18
13233,6
13234,13
13235,7
13236,1
13237,4
13238,17
13239,6
13240,17
13241,1
13242,15
13243,5
13244,12
13245,11
13246,18
13247,7
13248,19
13249,2
13250,10
13251,2
13252,5
13253,15
13254,11
13255,12
13256,7
13257,16
13258,1
13259,7
13260,17
13261,16
13262,5
13263,8
13264,7
13265,1
13266,4
13267,17
13268,17
13269,19
13270,13
13271,12
13272,15
13273,12
13274,7
13275,5
13276,16
13277,7
13278,6
13279,11
13280,1
13281,11
13282,3
13283,15
13284,6
13285,12
13286,7
13287,1
13288,8
13289,15
13290,16
13291,17
13292,14
13293,9
13294,19
13295,11
13296,9
13297,3
13298,5
13299,3
13300,6
13301,7
13302,17
13303,16
13304,11
13305,18
13306,6
13307,13
13308,8
13309,1
13310,10
13311,10
13312,16
13313,14
13314,3
13315,9
13316,16
13317,6
13318,3
13319,10
13320,10
13321,4
13322,12
13323,2
13324,5
13325,10
13326,12
13327,19
13328,0
13329,13
13330,0
13331,5
13332,3
13333,11
13334,5
13335,3
13336,1
13337,17
13338,18
13339,10
13340,12
13341,10
13342,8
13343,16
13344,2
13345,7
13346,15
13347,4
13348,2
13349,3
13350,5
13351,1
13352,16
13353,19
13354,15
13355,1
13356,6
13357,19
13358,4
13359,16
13360,1
13361,13
13362,17
13363,16
13364,14
13365,16
13366,13
13367,2
13368,8
13369,8
13370,11
13371,7
13372,7
13373,18
13374,19
13375,16
13376,14
13377,17
13378,1
13379,17
13380,1
13381,13
13382,19
13383,13
13384,14
13385,9
13386,9
13387,6
13388,10
13389,19
13390,13
13391,11
13392,16
13393,3
13394,19
13395,11
13396,13
13397,8
13398,18
13399,15
13400,18
13401,9
13402,2
13403,19
13404,16
13405,14
13406,2
13407,13
13408,8
13409,3
13410,12
13411,12
13412,17
13413,13
13414,5
13415,0
13416,13
13417,9
13418,3
13419,3
13420,0
13421,10
13422,1
13423,18
13424,1
13425,17
13426,2
13427,16
13428,15
13429,12
13430,2
13431,8
13432,4
13433,9
13434,10
13435,18
13436,0
13437,17
13438,16
13439,19
13440,0
13441,1
13442,19
13443,11
13444,19
13445,4
13446,11
13447,10
13448,12
13449,4
13450,4
13451,1
13452,3
13453,13
13454,4
13455,14
13456,15
13457,9
13458,14
13459,8
13460,2
13461,15
13462,16
13463,13
13464,18
13465,3
13466,1
13467,0
13468,14
13469,9
13470,10
13471,9
13472,14
13473,1
13474,13
13475,9
13476,1
13477,15
13478,13
13479,18
13480,6
13481,2
13482,13
13483,4
13484,5
13485,19
13486,11
13487,10
13488,5
13489,14
13490,7
13491,8
13492,2
13493,17
13494,13
13495,11
13496,15
13497,7
13498,1
13499,13
13500,4
13501,19
13502,17
13503,9
13504,4
13505,1
13506,7
13507,7
13508,1
13509,13
13510,8
13511,14
13512,14
13513,17
13514,7
13515,5
13516,3
13517,7
13518,10
13519,6
13520,9
13521,11
13522,16
13523,19
13524,5
13525,3
13526,2
13527,18
13528,11
13529,5
13530,16
13531,8
13532,4
13533,7
13534,17
13535,10
13536,11
13537,5
13538,1
13539,19
13540,3
13541,10
13542,6
13543,13
13544,2
13545,3
13546,16
13547,7
13548,0
13549,15
13550,2
13551,18
13552,8
13553,0
13554,11
13555,9
13556,4
13557,19
13558,7
13559,9
13560,5
13561,6
13562,14
13563,2
13564,19
13565,19
13566,11
13567,5
13568,13
13569,3
13570,3
13571,2
13572,14
13573,14
13574,5
13575,0
13576,14
13577,3
13578,7
13579,12
13580,6
13581,14
13582,17
13583,11
13584,16
13585,9
13586,8
13587,2
13588,13
13589,5
13590,0
13591,17
13592,7
13593,4
13594,5
13595,3
13596,3
13597,12
13598,6
13599,10
13600,8
13601,12
13602,15
13603,8
13604,15
13605,15
13606,10
13607,6
13608,1
13609,8
13610,1
13611,5
13612,7
13613,1
13614,19
13615,13
13616,7
13617,9
13618,19
13619,0
13620,1
13621,16
13622,18
13623,9
13624,17
13625,16
13626,6
13627,1
13628,10
13629,11
13630,18
13631,16
13632,7
13633,11
13634,16
13635,7
13636,0
13637,13
13638,0
13639,6
13640,4
13641,18
13642,3
13643,14
13644,4
13645,5
13646,18
13647,9
13648,10
13649,3
13650,12
13651,3
13652,10
13653,7
13654,17
13655,12
13656,3
13657,14
13658,8
13659,2
13660,11
13661,12
13662,16
13663,5
13664,17
13665,8
13666,9
13667,3
13668,15
13669,8
13670,3
13671,5
13672,2
13673,19
13674,17
13675,13
13676,2
13677,3
13678,11
13679,10
13680,13
13681,6
13682,16
13683,9
13684,0
13685,11
13686,16
13687,19
13688,1
13689,15
13690,11
13691,8
13692,13
13693,9
13694,5
13695,5
13696,17
13697,13
13698,6
13699,5
13700,2
13701,11
13702,1
13703,10
13704,19
13705,12
13706,14
13707,6
13708,1
13709,10
13710,8
13711,13
13712,12
13713,2
13714,4
13715,13
13716,11
13717,4
13718,16
13719,18
13720,18
13721,11
13722,17
13723,16
13724,9
13725,18
13726,4
13727,9
13728,8
13729,10
13730,9
13731,0
13732,11
13733,14
13734,16
13735,13
13736,7
13737,1
13738,1
13739,10
13740,5
13741,13
13742,0
13743,10
13744,0
13745,12
13746,5
13747,3
13748,18
13749,11
13750,12
13751,18
13752,16
13753,14
13754,0
13755,2
13756,15
13757,4
13758,13
13759,2
13760,16
13761,13
13762,12
13763,2
13764,19
13765,4
13766,11
13767,9
13768,18
13769,2
13770,6
13771,0
13772,14
13773,18
13774,6
13775,5
13776,13
13777,15
13778,2
13779,5
13780,10
13781,2
13782,2
13783,14
13784,14
13785,14
13786,6
13787,8
13788,0
13789,6
13790,2
13791,16
13792,19
13793,3
13794,14
13795,4
13796,13
13797,15
13798,4
13799,15
13800,15
13801,7
13802,15
13803,9
13804,16
13805,18
13806,17
13807,19
13808,3
13809,12
13810,2
13811,1
13812,19
13813,1
13814,10
13815,5
13816,19
13817,5
13818,10
13819,13
13820,19
13821,9
13822,6
13823,14
13824,16
13825,8
13826,2
13827,15
13828,17
13829,5
13830,10
13831,0
13832,14
13833,10
13834,1
13835,2
13836,10
13837,9
13838,19
13839,8
13840,1
13841,9
13842,15
13843,15
13844,1
13845,16
13846,1
13847,14
13848,3
13849,8
13850,1
13851,10
13852,15
13853,3
13854,13
13855,0
13856,18
13857,14
13858,1
13859,2
13860,18
13861,13
13862,15
13863,10
13864,2
13865,14
13866,2
13867,9
13868,14
13869,12
13870,0
13871,7
13872,18
13873,18
13874,3
13875,2
13876,15
13877,8
13878,15
13879,10
13880,13
13881,5
13882,3
13883,10
13884,19
13885,17
13886,5
13887,8
13888,1
13889,16
13890,10
13891,8
13892,3
13893,6
13894,1
13895,1
13896,0
13897,3
13898,18
13899,4
13900,16
13901,9
13902,9
13903,2
13904,3
13905,6
13906,19
13907,12
13908,6
13909,0
13910,1
13911,1
13912,0
13913,3
13914,5
13915,1
13916,15
13917,5
13918,11
13919,7
13920,18
13921,4
13922,17
13923,7
13924,18
13925,17
13926,2
13927,1
13928,7
13929,2
13930,0
13931,11
13932,15
13933,17
13934,5
13935,16
13936,4
13937,14
13938,11
13939,4
13940,9
13941,1
13942,12
13943,17
13944,2
13945,3
13946,18
13947,8
13948,0
13949,14
13950,11
13951,13
13952,19
13953,9
13954,11
13955,1
13956,15
13957,17
13958,15
13959,18
13960,9
13961,16
13962,3
13963,10
13964,9
13965,17
13966,2
13967,17
13968,15
13969,12
13970,12
13971,11
13972,8
13973,13
13974,6
13975,3
13976,17
13977,1
13978,2
13979,14
13980,14
13981,2
13982,11
13983,19
13984,5
13985,4
13986,4
13987,13
13988,3
13989,12
13990,19
13991,19
13992,18
13993,13
13994,8
13995,4
13996,0
13997,13
13998,16
13999,6
14000,3
14001,3
14002,1
14003,8
14004,19
14005,18
14006,18
14007,2
14008,1
14009,13
14010,5
14011,0
14012,0
14013,7
14014,5
14015,11
14016,5
14017,13
14018,4
14019,13
14020,15
14021,2
14022,9
14023,14
14024,19
14025,6
14026,9
14027,7
14028,4
14029,18
14030,6
14031,11
14032,6
14033,0
14034,1
14035,18
14036,9
14037,17
14038,1
14039,13
14040,1
14041,9
14042,8
14043,16
14044,9
14045,11
14046,18
14047,11
14048,1
14049,3
14050,5
14051,18
14052,5
14053,3
14054,2
14055,19
14056,4
14057,0
14058,10
14059,9
14060,11
14061,4
14062,8
14063,7
14064,4
14065,16
14066,18
14067,3
14068,14
14069,7
14070,11
14071,9
14072,14
14073,19
14074,5
14075,16
14076,7
14077,19
14078,4
14079,5
14080,13
14081,14
14082,18
14083,9
14084,13
14085,17
14086,0
14087,3
14088,17
14089,1
14090,3
14091,19
14092,16
14093,12
14094,17
14095,16
14096,19
14097,2
14098,2
14099,7
14100,14
14101,9
14102,8
14103,15
14104,5
14105,1
14106,11
14107,6
14108,9
14109,9
14110,4
14111,6
14112,15
14113,5
14114,4
14115,16
14116,11
14117,8
14118,19
14119,9
14120,7
14121,13
14122,4
14123,17
14124,7
14125,8
14126,3
14127,3
14128,0
14129,17
14130,18
14131,1
14132,7
14133,5
14134,12
14135,0
14136,2
14137,18
14138,8
14139,7
14140,9
14141,9
14142,17
14143,11
14144,12
14145,1
14146,3
14147,6
14148,5
14149,14
14150,1
14151,16
14152,1
14153,7
14154,11
14155,19
14156,17
14157,11
14158,4
14159,13
14160,10
14161,11
14162,2
14163,3
14164,6
14165,12
14166,17
14167,11
14168,8
14169,4
14170,17
14171,14
14172,12
14173,3
14174,6
14175,1
14176,14
14177,16
14178,10
14179,1
14180,5
14181,8
14182,3
14183,4
14184,4
14185,13
14186,14
14187,17
14188,0
14189,17
14190,5
14191,13
14192,5
14193,11
14194,1
14195,2
14196,4
14197,11
14198,19
14199,8
14200,12
14201,10
14202,18
14203,8
14204,16
14205,5
14206,2
14207,0
14208,10
14209,0
14210,9
14211,1
14212,1
14213,12
14214,13
14215,18
14216,14
14217,10
14218,11
14219,10
14220,6
14221,8
14222,6
14223,10
14224,9
14225,7
14226,11
14227,14
14228,3
14229,6
14230,8
14231,16
14232,19
14233,10
14234,3
14235,12
14236,7
14237,9
14238,19
14239,14
14240,19
14241,5
14242,0
14243,18
14244,1
14245,18
14246,7
14247,4
14248,3
14249,15
14250,13
14251,5
14252,0
14253,17
14254,16
14255,15
14256,4
14257,16
14258,17
14259,19
14260,10
14261,12
14262,17
14263,19
14264,3
14265,1
14266,9
14267,7
14268,19
14269,2
14270,13
14271,0
14272,6
14273,5
14274,8
14275,6
14276,16
14277,4
14278,9
14279,13
14280,10
14281,19
14282,0
14283,15
14284,18
14285,2
14286,14
14287,18
14288,12
14289,18
14290,8
14291,9
14292,5
14293,17
14294,17
14295,9
14296,12
14297,13
14298,8
14299,2
14300,15
14301,12
14302,6
14303,8
14304,8
14305,17
14306,15
14307,9
14308,7
14309,16
14310,7
14311,2
14312,11
14313,19
14314,6
14315,16
14316,2
14317,13
14318,13
14319,17
14320,16
14321,9
14322,11
14323,3
14324,0
14325,4
14326,6
14327,6
14328,17
14329,7
14330,12
14331,8
14332,9
14333,16
14334,19
14335,8
14336,12
14337,9
14338,12
14339,7
14340,19
14341,11
14342,9
14343,5
14344,6
14345,2
14346,14
14347,14
14348,6
14349,1
14350,16
14351,18
14352,17
14353,6
14354,2
14355,0
14356,12
14357,2
14358,7
14359,15
14360,12
14361,2
14362,1
14363,12
14364,6
14365,18
14366,17
14367,11
14368,2
14369,9
14370,19
14371,10
14372,16
14373,18
14374,17
14375,11
14376,11
14377,10
14378,0
14379,0
14380,17
14381,17
14382,8
14383,10
14384,5
14385,16
14386,2
14387,0
14388,17
14389,17
14390,11
14391,17
14392,15
14393,7
14394,7
14395,5
14396,8
14397,11
14398,17
14399,15
14400,10
14401,17
14402,11
14403,13
14404,19
14405,16
14406,14
14407,13
14408,12
14409,9
14410,14
14411,14
14412,15
14413,19
14414,5
14415,11
14416,17
14417,10
14418,6
14419,16
14420,18
14421,11
14422,11
14423,8
14424,19
14425,16
14426,9
14427,9
14428,0
14429,5
14430,11
14431,10
14432,4
14433,1
14434,5
14435,6
14436,2
14437,10
14438,12
14439,8
14440,17
14441,19
14442,8
14443,1
14444,9
14445,19
14446,12
14447,11
14448,13
14449,1
14450,14
14451,18
14452,10
14453,9
14454,12
14455,15
14456,11
14457,1
14458,6
14459,19
14460,18
14461,13
14462,8
14463,11
14464,8
14465,14
14466,12
14467,19
14468,0
14469,18
14470,1
14471,3
14472,18
14473,18
14474,10
14475,8
14476,2
14477,8
14478,7
14479,11
14480,0
14481,3
14482,14
14483,17
14484,5
14485,0
14486,15
14487,6
14488,2
14489,0
14490,12
14491,3
14492,12
14493,11
14494,11
14495,12
14496,18
14497,12
14498,6
14499,3
14500,6
14501,11
14502,0
14503,12
14504,11
14505,1
14506,12
14507,13
14508,8
14509,13
14510,11
14511,8
14512,17
14513,8
14514,0
14515,2
14516,19
14517,5
14518,16
14519,3
14520,15
14521,3
14522,12
14523,11
14524,6
14525,19
14526,12
14527,12
14528,18
14529,19
14530,2
14531,9
14532,16
14533,19
14534,15
14535,5
14536,7
14537,6
14538,8
14539,3
14540,15
14541,8
14542,11
14543,16
14544,10
14545,5
14546,3
14547,13
14548,1
14549,11
14550,14
14551,10
14552,16
14553,1
14554,2
14555,0
14556,4
14557,19
14558,10
14559,8
14560,1
14561,14
14562,6
14563,18
14564,6
14565,2
14566,3
14567,15
14568,3
14569,8
14570,4
14571,4
14572,2
14573,7
14574,16
14575,3
14576,6
14577,1
14578,9
14579,8
14580,4
14581,18
14582,12
14583,11
14584,7
14585,2
14586,9
14587,7
14588,6
14589,14
14590,1
14591,9
14592,10
14593,19
14594,14
14595,19
14596,13
14597,13
14598,17
14599,12
14600,7
14601,8
14602,0
14603,9
14604,2
14605,10
14606,7
14607,16
14608,19
14609,7
14610,2
14611,19
14612,1
14613,10
14614,5
14615,15
14616,16
14617,13
14618,9
14619,0
14620,3
14621,2
14622,7
14623,4
14624,9
14625,14
14626,0
14627,18
14628,0
14629,17
14630,19
14631,3
14632,5
14633,10
14634,8
14635,17
14636,5
14637,15
14638,18
14639,3
14640,9
14641,18
14642,2
14643,14
14644,18
14645,2
14646,17
14647,3
14648,7
14649,0
14650,1
14651,3
14652,1
14653,4
14654,9
14655,4
14656,10
14657,19
14658,1
14659,16
14660,4
14661,14
14662,5
14663,5
14664,3
14665,18
14666,15
14667,18
14668,17
14669,8
14670,3
14671,7
14672,19
14673,7
14674,5
14675,10
14676,1
14677,5
14678,8
14679,15
14680,10
14681,13
14682,11
14683,17
14684,17
14685,5
14686,19
14687,15
14688,16
14689,3
14690,9
14691,4
14692,18
14693,2
14694,8
14695,1
14696,18
14697,13
14698,4
14699,7
14700,17
14701,0
14702,17
14703,11
14704,10
14705,3
14706,1
14707,10
14708,7
14709,13
14710,1
14711,11
14712,9
14713,0
14714,3
14715,12
14716,7
14717,11
14718,16
14719,8
14720,11
14721,19
14722,18
14723,19
14724,14
14725,10
14726,5
14727,14
14728,0
14729,14
14730,7
14731,16
14732,12
14733,19
14734,19
14735,6
14736,6
14737,14
14738,0
14739,6
14740,17
14741,15
14742,7
14743,19
14744,7
14745,10
14746,5
14747,1
14748,14
14749,3
14750,8
14751,10
14752,5
14753,0
14754,16
14755,10
14756,10
14757,16
14758,4
14759,6
14760,14
14761,12
14762,15
14763,17
14764,8
14765,0
14766,10
14767,3
14768,2
14769,16
14770,11
14771,12
14772,12
14773,10
14774,0
14775,9
14776,6
14777,19
14778,10
14779,14
14780,17
14781,5
14782,15
14783,3
14784,11
14785,19
14786,16
14787,17
14788,12
14789,15
14790,12
14791,9
14792,17
14793,2
14794,15
14795,18
14796,9
14797,2
14798,16
14799,13
14800,0
14801,8
14802,19
14803,17
14804,12
14805,7
14806,17
14807,3
14808,4
14809,10
14810,7
14811,15
14812,12
14813,15
14814,14
14815,4
14816,19
14817,8
14818,7
14819,16
14820,7
14821,10
14822,14
14823,15
14824,17
14825,9
14826,5
14827,15
14828,4
14829,19
14830,7
14831,17
14832,1
14833,16
14834,3
14835,10
14836,15
14837,15
14838,17
14839,19
14840,16
14841,12
14842,6
14843,8
14844,13
14845,8
14846,12
14847,1
14848,18
14849,2
14850,19
14851,11
14852,4
14853,15
14854,4
14855,3
14856,16
14857,5
14858,9
14859,13
14860,8
14861,0
14862,15
14863,2
14864,10
14865,9
14866,16
14867,11
14868,17
14869,4
14870,14
14871,7
14872,12
14873,3
14874,12
14875,6
14876,5
14877,12
14878,19
14879,7
14880,3
14881,8
14882,7
14883,12
14884,8
14885,3
14886,4
14887,14
14888,3
14889,9
14890,16
14891,0
14892,6
14893,2
14894,12
14895,16
14896,0
14897,11
14898,12
14899,0
14900,14
14901,15
14902,12
14903,14
14904,11
14905,13
14906,0
14907,17
14908,9
14909,3
14910,9
14911,12
14912,10
14913,0
14914,19
14915,10
14916,17
14917,3
14918,3
14919,11
14920,9
14921,8
14922,13
14923,17
14924,8
14925,12
14926,0
14927,9
14928,1
14929,15
14930,10
14931,13
14932,19
14933,0
14934,15
14935,3
14936,0
14937,15
14938,19
14939,15
14940,10
14941,19
14942,14
14943,3
14944,19
14945,13
14946,0
14947,7
14948,13
14949,16
14950,3
14951,8
14952,15
14953,9
14954,13
14955,14
14956,15
14957,11
14958,7
14959,3
14960,19
14961,1
14962,6
14963,9
14964,12
14965,11
14966,2
14967,14
14968,1
14969,3
14970,2
14971,14
14972,9
14973,2
14974,12
14975,0
14976,10
14977,3
14978,14
14979,9
14980,18
14981,7
14982,19
14983,12
14984,16
14985,5
14986,2
14987,6
14988,14
14989,14
14990,17
14991,8
14992,10
14993,18
14994,15
14995,19
14996,19
14997,0
14998,2
14999,3
15000,12
15001,18
15002,1
15003,0
15004,6
15005,12
15006,14
15007,11
15008,5
15009,1
15010,6
15011,10
15012,16
15013,2
15014,3
15015,12
15016,3
15017,6
15018,1
15019,17
15020,9
15021,13
15022,16
15023,14
15024,14
15025,8
15026,12
15027,2
15028,2
15029,15
15030,13
15031,12
15032,19
15033,4
15034,1
15035,19
15036,11
15037,8
15038,15
15039,1
15040,19
15041,9
15042,11
15043,19
15044,5
15045,13
15046,19
15047,19
15048,18
15049,10
15050,5
15051,0
15052,4
15053,7
15054,18
15055,0
15056,13
15057,12
15058,18
15059,8
15060,9
15061,17
15062,3
15063,1
15064,18
15065,9
15066,19
15067,15
15068,16
15069,19
15070,3
15071,14
15072,18
15073,14
15074,14
15075,8
15076,11
15077,11
15078,12
15079,13
15080,15
15081,8
15082,6
15083,15
15084,6
15085,9
15086,3
15087,2
15088,13
15089,5
15090,4
15091,19
15092,10
15093,17
15094,4
15095,11
15096,8
15097,2
15098,14
15099,15
15100,4
15101,0
15102,15
15103,3
15104,19
15105,19
15106,11
15107,12
15108,8
15109,8
15110,17
15111,0
15112,3
15113,18
15114,6
15115,16
15116,12
15117,14
15118,18
15119,5
15120,14
15121,1
15122,15
15123,4
15124,17
15125,17
15126,18
15127,8
15128,8
15129,9
15130,1
15131,18
15132,15
15133,7
15134,15
15135,13
15136,5
15137,8
15138,5
15139,8
15140,3
15141,0
15142,6
15143,15
15144,15
15145,17
15146,0
15147,15
15148,5
15149,7
15150,13
15151,9
15152,0
15153,12
15154,18
15155,0
15156,19
15157,3
15158,14
15159,7
15160,18
15161,3
15162,4
15163,9
15164,3
15165,4
15166,0
15167,0
15168,7
15169,16
15170,7
15171,1
15172,16
15173,15
15174,13
15175,16
15176,8
15177,19
15178,18
15179,11
15180,10
15181,13
15182,8
15183,19
15184,3
15185,8
15186,13
15187,9
15188,10
15189,15
15190,2
15191,1
15192,2
15193,9
15194,13
15195,1
15196,15
15197,9
15198,7
15199,5
15200,15
15201,3
15202,2
15203,3
15204,5
15205,0
15206,3
15207,16
15208,10
15209,15
15210,14
15211,12
15212,18
15213,5
15214,6
15215,14
15216,12
15217,12
15218,18
15219,8
15220,9
15221,1
15222,10
15223,1
15224,18
15225,6
15226,3
15227,4
15228,17
15229,13
15230,3
15231,12
15232,16
15233,0
15234,8
15235,0
15236,18
15237,0
15238,15
15239,11
15240,7
15241,2
15242,8
15243,17
15244,8
15245,14
15246,3
15247,19
15248,8
15249,19
15250,8
15251,5
15252,10
15253,13
15254,5
15255,13
15256,5
15257,2
15258,1
15259,15
15260,12
15261,14
15262,17
15263,12
15264,6
15265,10
15266,6
15267,18
15268,7
15269,8
15270,1
15271,3
15272,0
15273,8
15274,17
15275,16
15276,15
15277,10
15278,4
15279,7
15280,4
15281,8
15282,3
15283,19
15284,7
15285,15
15286,7
15287,4
15288,4
15289,1
15290,11
15291,5
15292,18
15293,1
15294,17
15295,2
15296,0
15297,16
15298,13
15299,4
15300,18
15301,2
15302,1
15303,4
15304,3
15305,6
15306,13
15307,0
15308,5
15309,6
15310,8
15311,4
15312,12
15313,15
15314,2
15315,19
15316,19
15317,5
15318,9
15319,15
15320,7
15321,13
15322,10
15323,1
15324,5
15325,11
15326,11
15327,14
15328,17
15329,13
15330,13
15331,19
15332,3
15333,5
15334,11
15335,15
15336,1
15337,10
15338,12
15339,16
15340,3
15341,14
15342,11
15343,17
15344,18
15345,19
15346,9
15347,16
15348,0
15349,16
15350,7
15351,13
15352,7
15353,16
15354,14
15355,16
15356,1
15357,0
15358,3
15359,2
15360,19
15361,5
15362,10
15363,0
15364,19
15365,7
15366,10
15367,17
15368,19
15369,8
15370,9
15371,0
15372,14
15373,14
15374,0
15375,9
15376,18
15377,8
15378,9
15379,10
15380,0
15381,1
15382,17
15383,1
15384,12
15385,12
15386,12
15387,9
15388,18
15389,14
15390,12
15391,10
15392,4
15393,15
15394,16
15395,0
15396,19
15397,2
15398,18
15399,9
15400,11
15401,10
15402,1
15403,10
15404,2
15405,6
15406,3
15407,4
15408,8
15409,6
15410,15
15411,12
15412,16
15413,9
15414,4
15415,7
15416,7
15417,3
15418,1
15419,4
15420,10
15421,19
15422,2
15423,16
15424,9
15425,10
15426,17
15427,1
15428,19
15429,1
15430,3
15431,16
15432,12
15433,15
15434,10
15435,19
15436,12
15437,10
15438,9
15439,8
15440,7
15441,13
15442,0
15443,12
15444,16
15445,12
15446,9
15447,7
15448,8
15449,17
15450,4
15451,1
15452,14
15453,13
15454,6
15455,13
15456,17
15457,8
15458,14
15459,6
15460,9
15461,15
15462,6
15463,7
15464,3
15465,6
15466,18
15467,7
15468,0
15469,18
15470,17
15471,4
15472,7
15473,6
15474,19
15475,6
15476,1
15477,3
15478,10
15479,10
15480,9
15481,5
15482,17
15483,15
15484,13
15485,14
15486,6
15487,8
15488,3
15489,7
15490,19
15491,19
15492,8
15493,4
15494,6
15495,3
15496,19
15497,0
15498,1
15499,11
15500,0
15501,4
15502,19
15503,13
15504,5
15505,0
15506,10
15507,6
15508,10
15509,4
15510,8
15511,16
15512,2
15513,8
15514,8
15515,7
15516,0
15517,11
15518,4
15519,11
15520,17
15521,13
15522,13
15523,17
15524,0
15525,13
15526,18
15527,1
15528,16
15529,12
15530,10
15531,16
15532,7
15533,14
15534,9
15535,1
15536,1
15537,3
15538,15
15539,18
15540,5
15541,15
15542,8
15543,8
15544,5
15545,2
15546,10
15547,15
15548,5
15549,19
15550,9
15551,0
15552,14
15553,12
15554,1
15555,14
15556,1
15557,1
15558,1
15559,5
15560,8
15561,2
15562,17
15563,9
15564,2
15565,19
15566,16
15567,19
15568,18
15569,6
15570,14
15571,14
15572,5
15573,1
15574,1
15575,3
15576,14
15577,10
15578,2
15579,1
15580,9
15581,8
15582,3
15583,17
15584,4
15585,1
15586,17
15587,10
15588,3
15589,12
15590,10
15591,7
15592,3
15593,8
15594,0
15595,5
15596,3
15597,19
15598,8
15599,5
15600,9
15601,1
15602,2
15603,1
15604,1
15605,11
15606,14
15607,10
15608,15
15609,6
15610,10
15611,5
15612,9
15613,9
15614,6
15615,4
15616,9
15617,8
15618,12
15619,15
15620,3
15621,5
15622,5
15623,18
15624,19
15625,14
15626,16
15627,17
15628,13
15629,2
15630,9
15631,5
15632,11
15633,0
15634,13
15635,6
15636,9
15637,12
15638,19
15639,17
15640,4
15641,18
15642,12
15643,5
15644,11
15645,6
15646,2
15647,9
15648,0
15649,12
15650,15
15651,16
15652,0
15653,16
15654,13
15655,3
15656,15
15657,9
15658,11
15659,9
15660,1
15661,12
15662,11
15663,19
15664,3
15665,11
15666,2
15667,4
15668,12
15669,17
15670,9
15671,4
15672,2
15673,3
15674,19
15675,2
15676,11
15677,15
15678,13
15679,2
15680,10
15681,9
15682,2
15683,15
15684,0
15685,15
15686,7
15687,6
15688,11
15689,19
15690,0
15691,10
15692,16
15693,3
15694,0
15695,17
15696,5
15697,5
15698,2
15699,8
15700,13
15701,11
15702,5
15703,13
15704,10
15705,14
15706,13
15707,15
15708,10
15709,13
15710,15
15711,17
15712,14
15713,6
15714,4
15715,0
15716,0
15717,11
15718,1
15719,3
15720,17
15721,11
15722,3
15723,12
15724,8
15725,7
15726,16
15727,9
15728,16
15729,5
15730,19
15731,19
15732,18
15733,5
15734,17
15735,10
15736,6
15737,6
15738,15
15739,4
15740,17
15741,13
15742,0
15743,13
15744,14
15745,14
15746,6
15747,7
15748,17
15749,3
15750,11
15751,16
15752,2
15753,3
15754,12
15755,7
15756,11
15757,19
15758,19
15759,13
15760,1
15761,14
15762,7
15763,0
15764,17
15765,18
15766,10
15767,10
15768,11
15769,8
15770,11
15771,10
15772,12
15773,8
15774,2
15775,17
15776,17
15777,17
15778,0
15779,19
15780,9
15781,17
15782,14
15783,12
15784,4
15785,1
15786,11
15787,17
15788,13
15789,1
15790,15
15791,2
15792,16
15793,17
15794,1
15795,16
15796,10
15797,14
15798,16
15799,17
15800,2
15801,4
15802,16
15803,14
15804,14
15805,10
15806,1
15807,15
15808,6
15809,14
15810,4
15811,2
15812,18
15813,11
15814,12
15815,13
15816,10
15817,6
15818,9
15819,5
15820,13
15821,9
15822,9
15823,0
15824,5
15825,15
15826,0
15827,7
15828,5
15829,7
15830,1
15831,4
15832,19
15833,7
15834,9
15835,8
15836,14
15837,11
15838,5
15839,12
15840,18
15841,3
15842,3
15843,12
15844,18
15845,16
15846,6
15847,18
15848,1
15849,6
15850,18
15851,14
15852,18
15853,2
15854,18
15855,18
15856,9
15857,1
15858,6
15859,6
15860,4
15861,9
15862,17
15863,1
15864,0
15865,13
15866,0
15867,12
15868,7
15869,13
15870,16
15871,0
15872,17
15873,6
15874,13
15875,5
15876,0
15877,6
15878,2
15879,6
15880,16
15881,18
15882,16
15883,17
15884,16
15885,11
15886,13
15887,5
15888,9
15889,19
15890,9
15891,2
15892,0
15893,15
15894,1
15895,17
15896,17
15897,16
15898,9
15899,19
15900,15
15901,15
15902,8
15903,19
15904,12
15905,7
15906,13
15907,0
15908,15
15909,10
15910,1
15911,11
15912,14
15913,5
15914,6
15915,2
15916,19
15917,10
15918,14
15919,16
15920,16
15921,7
15922,15
15923,15
15924,3
15925,3
15926,2
15927,10
15928,10
15929,19
15930,16
15931,13
15932,0
15933,1
15934,2
15935,0
15936,16
15937,4
15938,10
15939,13
15940,9
15941,1
15942,2
15943,12
15944,1
15945,12
15946,8
15947,5
15948,17
15949,4
15950,7
15951,19
15952,3
15953,2
15954,3
15955,19
15956,10
15957,8
15958,12
15959,0
15960,3
15961,4
15962,18
15963,13
15964,7
15965,15
15966,3
15967,0
15968,0
15969,13
15970,9
15971,4
15972,9
15973,10
15974,6
15975,12
15976,3
15977,1
15978,19
15979,9
15980,2
15981,19
15982,17
15983,1
15984,2
15985,10
15986,15
15987,12
15988,11
15989,2
15990,3
15991,12
15992,9
15993,19
15994,2
15995,7
15996,13
15997,14
15998,1
15999,16
16000,9
16001,1
16002,1
16003,3
16004,12
16005,11
16006,12
16007,2
16008,9
16009,19
16010,17
16011,15
16012,7
16013,1
16014,14
16015,16
16016,0
16017,3
16018,3
16019,1
16020,5
16021,12
16022,12
16023,13
16024,12
16025,3
16026,18
16027,16
16028,14
16029,12
16030,12
16031,14
16032,2
16033,4
16034,5
16035,9
16036,4
16037,13
16038,12
16039,12
16040,6
16041,11
16042,16
16043,16
16044,3
16045,1
16046,8
16047,4
16048,8
16049,13
16050,7
16051,4
16052,5
16053,12
16054,15
16055,4
16056,5
16057,9
16058,8
16059,12
16060,8
16061,9
16062,0
16063,19
16064,0
16065,5
16066,15
16067,14
16068,17
16069,4
16070,0
16071,6
16072,15
16073,5
16074,12
16075,10
16076,17
16077,9
16078,14
16079,8
16080,7
16081,8
16082,12
16083,13
16084,3
16085,13
16086,3
16087,16
16088,3
16089,3
16090,3
16091,14
16092,3
16093,4
16094,5
16095,7
16096,14
16097,11
16098,16
16099,2
16100,9
16101,6
16102,1
16103,16
16104,1
16105,14
16106,3
16107,14
16108,3
16109,13
16110,12
16111,4
16112,9
16113,9
16114,2
16115,18
16116,16
16117,6
16118,15
16119,10
16120,16
16121,4
16122,3
16123,2
16124,7
16125,9
16126,4
16127,15
16128,15
16129,13
16130,3
16131,9
16132,7
16133,15
16134,9
16135,6
16136,19
16137,0
16138,3
16139,14
16140,1
16141,19
16142,5
16143,5
16144,17
16145,3
16146,6
16147,18
16148,12
16149,9
16150,15
16151,6
16152,2
16153,4
16154,16
16155,0
16156,7
16157,13
16158,16
16159,5
16160,2
16161,4
16162,8
16163,11
16164,15
16165,3
16166,5
16167,3
16168,15
16169,11
16170,12
16171,3
16172,17
16173,6
16174,18
16175,10
16176,7
16177,13
16178,17
16179,4
16180,17
16181,6
16182,6
16183,3
16184,17
16185,16
16186,18
16187,7
16188,19
16189,8
16190,15
16191,7
16192,0
16193,15
16194,17
16195,6
16196,17
16197,17
16198,15
16199,5
16200,14
16201,11
16202,1
16203,14
16204,3
16205,16
16206,13
16207,6
16208,9
16209,13
16210,16
16211,6
16212,17
16213,2
16214,16
16215,10
16216,7
16217,16
16218,19
16219,13
16220,10
16221,13
16222,19
16223,18
16224,13
16225,1
16226,19
16227,18
16228,19
16229,19
16230,14
16231,17
16232,17
16233,4
16234,14
16235,11
16236,18
16237,12
16238,5
16239,7
16240,2
16241,10
16242,3
16243,12
16244,3
16245,15
16246,13
16247,19
16248,11
16249,14
16250,12
16251,2
16252,15
16253,2
16254,12
16255,13
16256,15
16257,18
16258,18
16259,3
16260,17
16261,0
16262,12
16263,19
16264,10
16265,6
16266,3
16267,2
16268,0
16269,18
16270,0
16271,10
16272,11
16273,6
16274,16
16275,19
16276,15
16277,19
16278,4
16279,14
16280,19
16281,10
16282,3
16283,10
16284,17
16285,1
16286,19
16287,12
16288,5
16289,6
16290,2
16291,13
16292,15
16293,0
16294,18
16295,3
16296,16
16297,6
16298,18
16299,0
16300,8
16301,12
16302,5
16303,10
16304,6
16305,13
16306,4
16307,13
16308,3
16309,2
16310,9
16311,5
16312,12
16313,14
16314,19
16315,6
16316,9
16317,10
16318,6
16319,12
16320,17
16321,10
16322,11
16323,6
16324,10
16325,17
16326,6
16327,16
16328,12
16329,8
16330,4
16331,17
16332,12
16333,9
16334,10
16335,6
16336,19
16337,16
16338,3
16339,11
16340,8
16341,1
16342,12
16343,9
16344,19
16345,14
16346,10
16347,14
16348,17
16349,9
16350,9
16351,3
16352,7
16353,3
16354,12
16355,7
16356,11
16357,0
16358,19
16359,7
16360,12
16361,11
16362,19
16363,1
16364,17
16365,12
16366,3
16367,16
16368,9
16369,2
16370,16
16371,8
16372,11
16373,3
16374,14
16375,16
16376,14
16377,17
16378,0
16379,16
16380,14
16381,14
16382,11
16383,1
16384,4
16385,9
16386,12
16387,16
16388,19
16389,2
16390,12
16391,8
16392,19
16393,18
16394,0
16395,18
16396,3
16397,6
16398,9
16399,18
16400,7
16401,16
16402,2
16403,9
16404,4
16405,9
16406,2
16407,10
16408,16
16409,17
16410,5
16411,2
16412,5
16413,1
16414,12
16415,10
16416,15
16417,16
16418,3
16419,9
16420,17
16421,17
16422,1
16423,19
16424,17
16425,17
16426,5
16427,14
16428,11
16429,16
16430,9
16431,0
16432,18
16433,5
16434,16
16435,19
16436,7
16437,10
16438,1
16439,8
16440,1
16441,18
16442,14
16443,14
16444,19
16445,14
16446,15
16447,13
16448,11
16449,4
16450,17
16451,8
16452,13
16453,11
16454,12
16455,2
16456,16
16457,5
16458,10
16459,2
16460,8
16461,10
16462,18
16463,1
16464,13
16465,8
16466,14
16467,16
16468,7
16469,3
16470,0
16471,14
16472,11
16473,19
16474,19
16475,12
16476,4
16477,11
16478,11
16479,17
16480,3
16481,16
16482,14
16483,9
16484,7
16485,7
16486,7
16487,3
16488,9
16489,9
16490,1
16491,2
16492,17
16493,12
16494,15
16495,5
16496,13
16497,2
16498,17
16499,14
16500,12
16501,10
16502,0
16503,12
16504,10
16505,2
16506,9
16507,17
16508,13
16509,12
16510,13
16511,3
16512,14
16513,8
16514,18
16515,15
16516,19
16517,0
16518,10
16519,6
16520,7
16521,2
16522,7
16523,11
16524,6
16525,17
16526,16
16527,5
16528,7
16529,7
16530,9
16531,14
16532,10
16533,1
16534,19
16535,14
16536,1
16537,13
16538,18
16539,17
16540,4
16541,6
16542,14
16543,16
16544,5
16545,12
16546,14
16547,8
16548,5
16549,9
16550,15
16551,4
16552,5
16553,6
16554,11
16555,6
16556,18
16557,19
16558,7
16559,1
16560,15
16561,19
16562,13
16563,0
16564,13
16565,0
16566,14
16567,13
16568,18
16569,1
16570,17
16571,17
16572,8
16573,13
16574,16
16575,0
16576,5
16577,9
16578,19
16579,1
16580,9
16581,13
16582,11
16583,2
16584,19
16585,3
16586,19
16587,8
16588,14
16589,1
16590,0
16591,1
16592,16
16593,17
16594,12
16595,14
16596,13
16597,6
16598,18
16599,1
16600,10
16601,7
16602,16
16603,3
16604,0
16605,8
16606,12
16607,13
16608,1
16609,16
16610,11
16611,14
16612,19
16613,7
16614,8
16615,5
16616,1
16617,7
16618,0
16619,5
16620,1
16621,7
16622,9
16623,2
16624,16
16625,13
16626,6
16627,12
16628,4
16629,19
16630,15
16631,11
16632,10
16633,16
16634,11
16635,7
16636,18
16637,13
16638,19
16639,7
16640,5
16641,9
16642,4
16643,19
16644,0
16645,4
16646,0
16647,11
16648,3
16649,16
16650,3
16651,2
16652,7
16653,9
16654,8
16655,0
16656,16
16657,10
16658,9
16659,6
16660,0
16661,2
16662,15
16663,1
16664,8
16665,2
16666,7
16667,15
16668,17
16669,11
16670,6
16671,8
16672,19
16673,18
16674,10
16675,2
16676,7
16677,10
16678,14
16679,8
16680,13
16681,7
16682,17
16683,13
16684,9
16685,0
16686,13
16687,7
16688,5
16689,1
16690,16
16691,17
16692,6
16693,16
16694,13
16695,4
16696,12
16697,5
16698,6
16699,0
16700,6
16701,3
16702,3
16703,1
16704,19
16705,7
16706,18
16707,19
16708,1
16709,5
16710,11
16711,0
16712,14
16713,6
16714,6
16715,13
16716,3
16717,3
16718,10
16719,6
16720,9
16721,15
16722,10
16723,13
16724,2
16725,4
16726,1
16727,14
16728,9
16729,4
16730,4
16731,1
16732,12
16733,0
16734,10
16735,13
16736,3
16737,3
16738,10
16739,5
16740,3
16741,0
16742,7
16743,19
16744,12
16745,11
16746,14
16747,7
16748,19
16749,16
16750,4
16751,6
16752,17
16753,0
16754,14
16755,10
16756,15
16757,6
16758,0
16759,13
16760,8
16761,8
16762,16
16763,0
16764,16
16765,9
16766,7
16767,9
16768,3
16769,1
16770,4
16771,0
16772,15
16773,4
16774,3
16775,12
16776,18
16777,11
16778,9
16779,18
16780,7
16781,17
16782,3
16783,6
16784,12
16785,1
16786,1
16787,16
16788,19
16789,7
16790,0
16791,0
16792,13
16793,19
16794,6
16795,1
16796,8
16797,13
16798,6
16799,10
16800,8
16801,11
16802,3
16803,13
16804,15
16805,10
16806,0
16807,17
16808,11
16809,18
16810,8
16811,2
16812,11
16813,3
16814,19
16815,16
16816,9
16817,9
16818,18
16819,18
16820,13
16821,19
16822,15
16823,10
16824,3
16825,5
16826,14
16827,6
16828,14
16829,12
16830,3
16831,1
16832,18
16833,1
16834,4
16835,12
16836,8
16837,3
16838,9
16839,3
16840,9
16841,12
16842,3
16843,4
16844,3
16845,16
16846,7
16847,19
16848,7
16849,8
16850,18
16851,15
16852,6
16853,13
16854,17
16855,8
16856,16
16857,2
16858,7
16859,9
16860,7
16861,2
16862,1
16863,3
16864,6
16865,9
16866,11
16867,14
16868,1
16869,8
16870,11
16871,8
16872,19
16873,5
16874,13
16875,9
16876,13
16877,17
16878,18
16879,16
16880,6
16881,2
16882,10
16883,19
16884,18
16885,16
16886,16
16887,19
16888,12
16889,16
16890,0
16891,3
16892,16
16893,7
16894,19
16895,12
16896,17
16897,8
16898,5
16899,1
16900,0
16901,8
16902,0
16903,16
16904,5
16905,1
16906,13
16907,8
16908,17
16909,8
16910,11
16911,7
16912,8
16913,2
16914,11
16915,6
16916,5
16917,2
16918,12
16919,0
16920,6
16921,17
16922,11
16923,11
16924,7
16925,6
16926,13
16927,4
16928,12
16929,5
16930,1
16931,9
16932,18
16933,5
16934,16
16935,6
16936,1
16937,15
16938,1
16939,4
16940,18
16941,16
16942,0
16943,5
16944,17
16945,0
16946,13
16947,7
16948,8
16949,14
16950,16
16951,5
16952,18
16953,16
16954,12
16955,7
16956,0
16957,1
16958,4
16959,2
16960,8
16961,19
16962,18
16963,13
16964,10
16965,2
16966,13
16967,13
16968,19
16969,15
16970,19
16971,17
16972,19
16973,9
16974,16
16975,10
16976,5
16977,3
16978,19
16979,13
16980,3
16981,1
16982,1
16983,14
16984,17
16985,6
16986,13
16987,3
16988,17
16989,16
16990,8
16991,3
16992,9
16993,0
16994,6
16995,0
16996,13
16997,7
16998,13
16999,14
17000,3
17001,6
17002,18
17003,1
17004,4
17005,16
17006,7
17007,19
17008,13
17009,15
17010,17
17011,12
17012,18
17013,18
17014,3
17015,8
17016,0
17017,2
17018,16
17019,9
17020,19
17021,11
17022,1
17023,4
17024,1
17025,0
17026,10
17027,0
17028,14
17029,18
17030,0
17031,15
17032,9
17033,10
17034,7
17035,7
17036,1
17037,16
17038,13
17039,14
17040,0
17041,13
17042,8
17043,4
17044,6
17045,8
17046,14
17047,1
17048,12
17049,1
17050,7
17051,15
17052,17
17053,7
17054,1
17055,6
17056,4
17057,12
17058,5
17059,17
17060,9
17061,3
17062,13
17063,3
17064,13
17065,9
17066,15
17067,1
17068,18
17069,19
17070,10
17071,2
17072,15
17073,2
17074,11
17075,0
17076,12
17077,17
17078,7
17079,18
17080,15
17081,3
17082,16
17083,16
17084,4
17085,12
17086,17
17087,2
17088,8
17089,12
17090,11
17091,6
17092,5
17093,19
17094,7
17095,18
17096,3
17097,11
17098,1
17099,7
17100,17
17101,7
17102,6
17103,16
17104,19
17105,8
17106,8
17107,7
17108,14
17109,8
17110,15
17111,13
17112,9
17113,8
17114,3
17115,2
17116,6
17117,19
17118,13
17119,14
17120,8
17121,5
17122,7
17123,16
17124,15
17125,6
17126,15
17127,14
17128,8
17129,13
17130,15
17131,16
17132,9
17133,17
17134,18
17135,12
17136,6
17137,9
17138,16
17139,7
17140,12
17141,14
17142,2
17143,1
17144,9
17145,15
17146,14
17147,2
17148,12
17149,8
17150,12
17151,11
17152,12
17153,2
17154,11
17155,9
17156,7
17157,4
17158,9
17159,16
17160,16
17161,1
17162,18
17163,18
17164,11
17165,10
17166,19
17167,2
17168,1
17169,0
17170,18
17171,9
17172,5
17173,19
17174,8
17175,3
17176,15
17177,6
17178,2
17179,9
17180,2
17181,3
17182,2
17183,3
17184,8
17185,7
17186,17
17187,1
17188,15
17189,8
17190,15
17191,2
17192,5
17193,15
17194,17
17195,12
17196,5
17197,4
17198,10
17199,9
17200,1
17201,17
17202,5
17203,14
17204,8
17205,7
17206,19
17207,13
17208,8
17209,11
17210,6
17211,2
17212,16
17213,7
17214,10
17215,18
17216,11
17217,12
17218,0
17219,4
17220,2
17221,0
17222,1
17223,8
17224,11
17225,10
17226,19
17227,15
17228,8
17229,3
17230,4
17231,7
17232,14
17233,18
17234,9
17235,14
17236,9
17237,0
17238,14
17239,14
17240,13
17241,13
17242,18
17243,6
17244,10
17245,1
17246,3
17247,8
17248,13
17249,13
17250,3
17251,14
17252,3
17253,19
17254,19
17255,19
17256,17
17257,5
17258,6
17259,13
17260,1
17261,10
17262,9
17263,3
17264,9
17265,15
17266,7
17267,4
17268,19
17269,6
17270,9
17271,11
17272,19
17273,1
17274,0
17275,10
17276,5
17277,18
17278,2
17279,3
17280,17
17281,4
17282,11
17283,13
17284,12
17285,16
17286,3
17287,16
17288,13
17289,7
17290,18
17291,13
17292,12
17293,4
17294,10
17295,3
17296,19
17297,14
17298,3
17299,9
17300,12
17301,15
17302,14
17303,7
17304,17
17305,3
17306,13
17307,2
17308,8
17309,10
17310,11
17311,15
17312,2
17313,13
17314,4
17315,17
17316,9
17317,15
17318,16
17319,3
17320,19
17321,7
17322,10
17323,11
17324,8
17325,12
17326,16
17327,4
17328,13
17329,1
17330,5
17331,16
17332,10
17333,9
17334,7
17335,14
17336,17
17337,13
17338,9
17339,9
17340,10
17341,2
17342,8
17343,14
17344,4
17345,13
17346,13
17347,15
17348,2
17349,5
17350,4
17351,11
17352,12
17353,10
17354,10
17355,1
17356,3
17357,12
17358,14
17359,16
17360,15
17361,9
17362,16
17363,2
17364,16
17365,16
17366,16
17367,12
17368,12
17369,19
17370,16
17371,14
17372,11
17373,5
17374,10
17375,16
17376,18
17377,18
17378,12
17379,5
17380,3
17381,8
17382,3
17383,9
17384,7
17385,0
17386,13
17387,9
17388,16
17389,12
17390,6
17391,13
17392,16
17393,12
17394,17
17395,17
17396,17
17397,8
17398,9
17399,14
17400,8
17401,17
17402,14
17403,12
17404,14
17405,19
17406,4
17407,13
17408,16
17409,12
17410,4
17411,1
17412,10
17413,7
17414,13
17415,0
17416,17
17417,6
17418,9
17419,14
17420,3
17421,17
17422,10
17423,11
17424,8
17425,2
17426,3
17427,19
17428,8
17429,16
17430,2
17431,16
17432,3
17433,6
17434,18
17435,8
17436,1
17437,0
17438,0
17439,13
17440,10
17441,17
17442,19
17443,0
17444,2
17445,16
17446,7
17447,13
17448,14
17449,11
17450,19
17451,10
17452,13
17453,3
17454,4
17455,14
17456,19
17457,4
17458,3
17459,9
17460,14
17461,19
17462,19
17463,10
17464,7
17465,9
17466,8
17467,10
17468,5
17469,16
17470,14
17471,1
17472,19
17473,11
17474,17
17475,3
17476,17
17477,4
17478,10
17479,17
17480,9
17481,12
17482,12
17483,12
17484,8
17485,10
17486,7
17487,14
17488,14
17489,19
17490,16
17491,9
17492,16
17493,7
17494,10
17495,16
17496,19
17497,17
17498,17
17499,3
17500,5
17501,4
17502,7
17503,3
17504,17
17505,5
17506,6
17507,5
17508,13
17509,0
17510,10
17511,12
17512,13
17513,14
17514,10
17515,9
17516,3
17517,12
17518,11
17519,13
17520,3
17521,11
17522,17
17523,16
17524,13
17525,9
17526,16
17527,12
17528,4
17529,10
17530,8
17531,6
17532,17
17533,4
17534,11
17535,0
17536,13
17537,10
17538,1
17539,12
17540,9
17541,15
17542,8
17543,13
17544,0
17545,9
17546,17
17547,2
17548,19
17549,12
17550,8
17551,18
17552,11
17553,9
17554,4
17555,15
17556,18
17557,1
17558,18
17559,14
17560,5
17561,0
17562,16
17563,8
17564,14
17565,4
17566,7
17567,6
17568,4
17569,3
17570,10
17571,19
17572,8
17573,8
17574,19
17575,10
17576,4
17577,1
17578,14
17579,3
17580,1
17581,4
17582,18
17583,6
17584,16
17585,19
17586,17
17587,7
17588,7
17589,9
17590,7
17591,5
17592,5
17593,11
17594,14
17595,18
17596,12
17597,17
17598,0
17599,14
17600,6
17601,12
17602,3
17603,18
17604,19
17605,18
17606,11
17607,5
17608,2
17609,4
17610,8
17611,16
17612,10
17613,18
17614,15
17615,19
17616,13
17617,1
17618,8
17619,1
17620,4
17621,15
17622,5
17623,7
17624,2
17625,0
17626,16
17627,0
17628,15
17629,3
17630,6
17631,14
17632,1
17633,18
17634,18
17635,8
17636,16
17637,14
17638,12
17639,0
17640,17
17641,7
17642,17
17643,6
17644,14
17645,7
17646,1
17647,1
17648,12
17649,12
17650,0
17651,11
17652,4
17653,10
17654,8
17655,14
17656,4
17657,16
17658,0
17659,4
17660,9
17661,14
17662,3
17663,5
17664,7
17665,0
17666,15
17667,6
17668,8
17669,11
17670,15
17671,8
17672,9
17673,17
17674,1
17675,19
17676,19
17677,5
17678,4
17679,13
17680,12
17681,17
17682,5
17683,18
17684,1
17685,16
17686,9
17687,19
17688,5
17689,2
17690,0
17691,4
17692,4
17693,14
17694,9
17695,6
17696,4
17697,10
17698,0
17699,15
17700,1
17701,8
17702,4
17703,10
17704,2
17705,18
17706,17
17707,3
17708,1
17709,17
17710,4
17711,12
17712,3
17713,10
17714,16
17715,19
17716,9
17717,17
17718,1
17719,9
17720,17
17721,14
17722,18
17723,14
17724,14
17725,11
17726,0
17727,8
17728,8
17729,2
17730,7
17731,11
17732,5
17733,12
17734,1
17735,1
17736,0
17737,4
17738,16
17739,10
17740,18
17741,6
17742,5
17743,19
17744,4
17745,2
17746,14
17747,1
17748,10
17749,19
17750,18
17751,8
17752,9
17753,9
17754,10
17755,3
17756,11
17757,13
17758,14
17759,15
17760,0
17761,14
17762,12
17763,4
17764,9
17765,10
17766,15
17767,7
17768,19
17769,19
17770,3
17771,6
17772,2
17773,17
17774,3
17775,1
17776,8
17777,1
17778,12
17779,11
17780,0
17781,18
17782,7
17783,18
17784,7
17785,0
17786,19
17787,16
17788,5
17789,0
17790,12
17791,4
17792,11
17793,15
17794,0
17795,15
17796,8
17797,11
17798,8
17799,11
17800,13
17801,0
17802,15
17803,16
17804,1
17805,8
17806,10
17807,9
17808,18
17809,12
17810,19
17811,19
17812,18
17813,1
17814,18
17815,2
17816,3
17817,14
17818,12
17819,9
17820,19
17821,19
17822,8
17823,16
17824,5
17825,4
17826,9
17827,4
17828,8
17829,19
17830,6
17831,5
17832,1
17833,11
17834,15
17835,19
17836,2
17837,10
17838,7
17839,5
17840,15
17841,18
17842,1
17843,16
17844,16
17845,15
17846,5
17847,6
17848,2
17849,16
17850,3
17851,6
17852,13
17853,14
17854,16
17855,8
17856,6
17857,19
17858,8
17859,14
17860,17
17861,13
17862,5
17863,14
17864,17
17865,16
17866,9
17867,0
17868,14
17869,9
17870,1
17871,7
17872,19
17873,16
17874,12
17875,19
17876,8
17877,14
17878,1
17879,4
17880,6
17881,2
17882,0
17883,19
17884,8
17885,10
17886,12
17887,8
17888,14
17889,1
17890,3
17891,0
17892,2
17893,19
17894,7
17895,5
17896,11
17897,3
17898,11
17899,1
17900,10
17901,11
17902,16
17903,14
17904,9
17905,14
17906,6
17907,5
17908,11
17909,18
17910,14
17911,1
17912,18
17913,4
17914,16
17915,16
17916,12
17917,8
17918,12
17919,12
17920,16
17921,15
17922,8
17923,11
17924,0
17925,8
17926,13
17927,19
17928,13
17929,13
17930,1
17931,14
17932,7
17933,18
17934,8
17935,16
17936,3
17937,14
17938,6
17939,7
17940,14
17941,11
17942,19
17943,15
17944,6
17945,8
17946,10
17947,16
17948,10
17949,0
17950,19
17951,5
17952,11
17953,14
17954,5
17955,10
17956,6
17957,8
17958,18
17959,9
17960,14
17961,19
17962,18
17963,8
17964,16
17965,3
17966,4
17967,10
17968,5
17969,11
17970,7
17971,7
17972,3
17973,16
17974,2
17975,0
17976,16
17977,2
17978,6
17979,15
17980,1
17981,1
17982,4
17983,7
17984,5
17985,8
17986,4
17987,18
17988,18
17989,5
17990,8
17991,15
17992,11
17993,4
17994,3
17995,18
17996,19
17997,10
17998,6
17999,15
18000,4
18001,1
18002,9
18003,15
18004,12
18005,17
18006,14
18007,18
18008,11
18009,4
18010,18
18011,3
18012,1
18013,5
18014,2
18015,7
18016,4
18017,18
18018,12
18019,13
18020,2
18021,1
18022,19
18023,15
18024,5
18025,13
18026,15
18027,2
18028,9
18029,16
18030,14
18031,9
18032,11
18033,11
18034,18
18035,14
18036,9
18037,15
18038,9
18039,2
18040,19
18041,7
18042,12
18043,14
18044,0
18045,5
18046,2
18047,17
18048,18
18049,2
18050,12
18051,13
18052,7
18053,0
18054,6
18055,19
18056,14
18057,19
18058,0
18059,13
18060,0
18061,9
18062,5
18063,17
18064,2
18065,0
18066,2
18067,1
18068,11
18069,10
18070,19
18071,12
18072,1
18073,4
18074,11
18075,3
18076,10
18077,3
18078,14
18079,9
18080,4
18081,4
18082,0
18083,4
18084,8
18085,0
18086,19
18087,14
18088,14
18089,4
18090,18
18091,3
18092,5
18093,18
18094,9
18095,3
18096,18
18097,19
18098,18
18099,5
18100,3
18101,15
18102,9
18103,13
18104,6
18105,1
18106,9
18107,10
18108,10
18109,16
18110,3
18111,19
18112,11
18113,11
18114,1
18115,17
18116,15
18117,10
18118,10
18119,13
18120,2
18121,12
18122,7
18123,5
18124,19
18125,11
18126,1
18127,1
18128,17
18129,0
18130,9
18131,13
18132,0
18133,19
18134,16
18135,12
18136,14
18137,4
18138,13
18139,19
18140,10
18141,13
18142,14
18143,2
18144,4
18145,9
18146,14
18147,12
18148,7
18149,15
18150,8
18151,9
18152,13
18153,6
18154,1
18155,9
18156,5
18157,14
18158,7
18159,16
18160,13
18161,1
18162,16
18163,3
18164,4
18165,11
18166,11
18167,2
18168,17
18169,1
18170,15
18171,4
18172,7
18173,12
18174,3
18175,13
18176,10
18177,16
18178,12
18179,11
18180,8
18181,9
18182,9
18183,2
18184,14
18185,12
18186,10
18187,10
18188,14
18189,5
18190,6
18191,14
18192,17
18193,18
18194,1
18195,0
18196,14
18197,10
18198,11
18199,13
18200,17
18201,4
18202,11
18203,16
18204,18
18205,11
18206,1
18207,13
18208,9
18209,18
18210,1
18211,15
18212,13
18213,4
18214,5
18215,4
18216,6
18217,4
18218,17
18219,18
18220,18
18221,2
18222,3
18223,0
18224,19
18225,0
18226,6
18227,0
18228,14
18229,16
18230,5
18231,17
18232,2
18233,8
18234,16
18235,3
18236,1
18237,17
18238,13
18239,11
18240,13
18241,16
18242,1
18243,14
18244,17
18245,4
18246,11
18247,2
18248,5
18249,10
18250,12
18251,1
18252,6
18253,12
18254,8
18255,15
18256,15
18257,8
18258,4
18259,2
18260,14
18261,13
18262,9
18263,7
18264,14
18265,6
18266,11
18267,2
18268,6
18269,12
18270,0
18271,6
18272,6
18273,2
18274,17
18275,7
18276,17
18277,4
18278,12
18279,3
18280,17
18281,1
18282,12
18283,18
18284,14
18285,10
18286,9
18287,10
18288,2
18289,6
18290,19
18291,16
18292,18
18293,3
18294,7
18295,7
18296,11
18297,13
18298,0
18299,6
18300,4
18301,14
18302,19
18303,7
18304,7
18305,17
18306,10
18307,1
18308,17
18309,12
18310,3
18311,10
18312,9
18313,1
18314,7
18315,12
18316,14
18317,18
18318,5
18319,2
18320,3
18321,4
18322,1
18323,16
18324,0
18325,14
18326,15
18327,0
18328,13
18329,14
18330,0
18331,9
18332,4
18333,4
18334,11
18335,2
18336,9
18337,19
18338,18
18339,6
18340,4
18341,9
18342,1
18343,1
18344,18
18345,4
18346,7
18347,9
18348,0
18349,6
18350,5
18351,3
18352,10
18353,2
18354,8
18355,8
18356,9
18357,7
18358,19
18359,0
18360,15
18361,18
18362,3
18363,11
18364,0
18365,13
18366,5
18367,13
18368,6
18369,10
18370,18
18371,5
18372,8
18373,3
18374,9
18375,2
18376,18
18377,2
18378,2
18379,7
18380,7
18381,8
18382,3
18383,10
18384,4
18385,0
18386,16
18387,4
18388,6
18389,17
18390,15
18391,9
18392,17
18393,12
18394,3
18395,19
18396,12
18397,4
18398,1
18399,18
18400,10
18401,15
18402,2
18403,0
18404,15
18405,4
18406,12
18407,16
18408,15
18409,16
18410,10
18411,17
18412,10
18413,5
18414,2
18415,19
18416,5
18417,3
18418,17
18419,11
18420,13
18421,1
18422,9
18423,7
18424,16
18425,14
18426,3
18427,9
18428,3
18429,4
18430,11
18431,1
18432,13
18433,9
18434,19
18435,3
18436,17
18437,19
18438,10
18439,15
18440,0
18441,12
18442,4
18443,12
18444,1
18445,9
18446,9
18447,0
18448,14
18449,17
18450,0
18451,7
18452,16
18453,4
18454,11
18455,10
18456,8
18457,5
18458,14
18459,2
18460,12
18461,2
18462,17
18463,19
18464,17
18465,14
18466,10
18467,0
18468,8
18469,15
18470,3
18471,19
18472,13
18473,1
18474,7
18475,11
18476,8
18477,15
18478,19
18479,8
18480,19
18481,5
18482,15
18483,18
18484,12
18485,10
18486,15
18487,6
18488,15
18489,6
18490,10
18491,13
18492,17
18493,4
18494,5
18495,8
18496,16
18497,15
18498,1
18499,16
18500,6
18501,7
18502,2
18503,12
18504,0
18505,1
18506,5
18507,18
18508,0
18509,3
18510,16
18511,4
18512,12
18513,8
18514,14
18515,13
18516,5
18517,18
18518,1
18519,4
18520,7
18521,5
18522,19
18523,5
18524,7
18525,13
18526,5
18527,12
18528,16
18529,14
18530,4
18531,12
18532,4
18533,13
18534,6
18535,17
18536,4
18537,12
18538,11
18539,3
18540,5
18541,16
18542,3
18543,2
18544,1
18545,18
18546,19
18547,10
18548,13
18549,17
18550,17
18551,11
18552,17
18553,10
18554,5
18555,1
18556,16
18557,1
18558,16
18559,7
18560,14
18561,8
18562,4
18563,17
18564,1
18565,15
18566,17
18567,11
18568,9
18569,12
18570,10
18571,1
18572,1
18573,17
18574,17
18575,18
18576,16
18577,14
18578,16
18579,19
18580,9
18581,16
18582,5
18583,4
18584,17
18585,15
18586,19
18587,9
18588,12
18589,12
18590,15
18591,15
18592,8
18593,0
18594,6
18595,12
18596,8
18597,12
18598,0
18599,8
18600,14
18601,15
18602,6
18603,16
18604,6
18605,18
18606,19
18607,2
18608,15
18609,5
18610,10
18611,16
18612,19
18613,1
18614,3
18615,8
18616,4
18617,14
18618,17
18619,0
18620,12
18621,0
18622,6
18623,11
18624,1
18625,0
18626,7
18627,19
18628,14
18629,2
18630,16
18631,2
18632,3
18633,12
18634,7
18635,7
18636,14
18637,13
18638,6
18639,16
18640,11
18641,0
18642,8
18643,16
18644,0
18645,12
18646,8
18647,18
18648,9
18649,18
18650,19
18651,7
18652,3
18653,14
18654,12
18655,14
18656,12
18657,0
18658,6
18659,17
18660,16
18661,10
18662,12
18663,18
18664,15
18665,10
18666,7
18667,16
18668,7
18669,10
18670,4
18671,3
18672,12
18673,12
18674,7
18675,9
18676,9
18677,4
18678,9
18679,18
18680,2
18681,3
18682,19
18683,17
18684,9
18685,19
18686,19
18687,19
18688,11
18689,7
18690,2
18691,4
18692,9
18693,11
18694,7
18695,16
18696,13
18697,16
18698,12
18699,1
18700,2
18701,12
18702,18
18703,18
18704,0
18705,17
18706,14
18707,5
18708,12
18709,10
18710,13
18711,5
18712,12
18713,19
18714,13
18715,2
18716,6
18717,15
18718,16
18719,10
18720,13
18721,10
18722,7
18723,16
18724,3
18725,3
18726,9
18727,2
18728,13
18729,11
18730,2
18731,19
18732,6
18733,16
18734,18
18735,16
18736,15
18737,14
18738,15
18739,14
18740,14
18741,10
18742,13
18743,7
18744,0
18745,7
18746,19
18747,15
18748,8
18749,10
18750,13
18751,19
18752,6
18753,1
18754,19
18755,7
18756,2
18757,9
18758,2
18759,1
18760,12
18761,10
18762,6
18763,8
18764,6
18765,6
18766,11
18767,19
18768,12
18769,6
18770,3
18771,14
18772,8
18773,0
18774,0
18775,11
18776,5
18777,15
18778,19
18779,0
18780,8
18781,4
18782,5
18783,4
18784,7
18785,18
18786,15
18787,6
18788,5
18789,17
18790,13
18791,5
18792,19
18793,2
18794,8
18795,5
18796,9
18797,19
18798,2
18799,11
18800,19
18801,16
18802,2
18803,18
18804,12
18805,16
18806,19
18807,18
18808,4
18809,4
18810,5
18811,3
18812,16
18813,18
18814,6
18815,11
18816,17
18817,7
18818,1
18819,11
18820,15
18821,7
18822,0
18823,3
18824,12
18825,3
18826,18
18827,10
18828,6
18829,17
18830,3
18831,7
18832,8
18833,12
18834,10
18835,11
18836,1
18837,8
18838,1
18839,15
18840,1
18841,10
18842,9
18843,13
18844,3
18845,5
18846,13
18847,11
18848,1
18849,4
18850,8
18851,16
18852,17
18853,2
18854,0
18855,17
18856,9
18857,16
18858,12
18859,7
18860,15
18861,1
18862,6
18863,0
18864,2
18865,10
18866,19
18867,12
18868,3
18869,5
18870,14
18871,19
18872,8
18873,4
18874,13
18875,11
18876,5
18877,2
18878,4
18879,7
18880,6
18881,6
18882,16
18883,3
18884,6
18885,4
18886,16
18887,8
18888,18
18889,1
18890,7
18891,12
18892,13
18893,13
18894,4
18895,9
18896,0
18897,8
18898,7
18899,8
18900,6
18901,9
18902,5
18903,7
18904,17
18905,4
18906,1
18907,14
18908,16
18909,2
18910,9
18911,0
18912,14
18913,16
18914,2
18915,4
18916,3
18917,1
18918,9
18919,15
18920,7
18921,8
18922,6
18923,10
18924,10
18925,10
18926,15
18927,12
18928,16
18929,12
18930,8
18931,14
18932,7
18933,10
18934,15
18935,12
18936,6
18937,15
18938,10
18939,11
18940,9
18941,10
18942,14
18943,4
18944,7
18945,10
18946,6
18947,6
18948,14
18949,17
18950,2
18951,10
18952,1
18953,8
18954,7
18955,4
18956,13
18957,2
18958,19
18959,12
18960,7
18961,14
18962,4
18963,8
18964,13
18965,2
18966,5
18967,2
18968,12
18969,19
18970,8
18971,4
18972,14
18973,0
18974,2
18975,8
18976,19
18977,6
18978,15
18979,8
18980,1
18981,4
18982,8
18983,10
18984,8
18985,12
18986,3
18987,14
18988,8
18989,17
18990,6
18991,12
18992,10
18993,12
18994,17
18995,5
18996,18
18997,0
18998,15
18999,14
19000,2
19001,17
19002,8
19003,10
19004,8
19005,4
19006,5
19007,2
19008,15
19009,8
19010,13
19011,5
19012,16
19013,3
19014,1
19015,6
19016,9
19017,10
19018,5
19019,10
19020,17
19021,11
19022,3
19023,1
19024,12
19025,2
19026,10
19027,19
19028,10
19029,15
19030,19
19031,18
19032,9
19033,10
19034,5
19035,4
19036,9
19037,13
19038,18
19039,3
19040,17
19041,3
19042,17
19043,7
19044,5
19045,8
19046,5
19047,4
19048,15
19049,18
19050,0
19051,8
19052,10
19053,5
19054,13
19055,0
19056,17
19057,13
19058,19
19059,14
19060,12
19061,14
19062,8
19063,0
19064,1
19065,3
19066,4
19067,8
19068,1
19069,19
19070,18
19071,9
19072,10
19073,1
19074,15
19075,5
19076,8
19077,10
19078,17
19079,12
19080,0
19081,3
19082,0
19083,13
19084,2
19085,5
19086,7
19087,15
19088,9
19089,11
19090,6
19091,13
19092,12
19093,6
19094,6
19095,12
19096,7
19097,0
19098,1
19099,13
19100,13
19101,7
19102,10
19103,10
19104,12
19105,11
19106,14
19107,8
19108,15
19109,2
19110,3
19111,9
19112,1
19113,13
19114,10
19115,19
19116,0
19117,15
19118,7
19119,2
19120,2
19121,6
19122,12
19123,18
19124,10
19125,16
19126,14
19127,10
19128,18
19129,11
19130,1
19131,5
19132,1
19133,4
19134,18
19135,14
19136,5
19137,18
19138,2
19139,14
19140,11
19141,7
19142,2
19143,5
19144,10
19145,12
19146,10
19147,5
19148,6
19149,9
19150,17
19151,1
19152,14
19153,17
19154,6
19155,16
19156,14
19157,1
19158,8
19159,9
19160,17
19161,17
19162,3
19163,17
19164,5
19165,14
19166,9
19167,9
19168,15
19169,13
19170,6
19171,17
19172,14
19173,7
19174,1
19175,9
19176,7
19177,8
19178,9
19179,5
19180,7
19181,2
19182,7
19183,1
19184,1
19185,11
19186,17
19187,14
19188,16
19189,1
19190,8
19191,19
19192,15
19193,15
19194,17
19195,10
19196,13
19197,2
19198,11
19199,17
19200,1
19201,9
19202,1
19203,18
19204,9
19205,4
19206,11
19207,1
19208,18
19209,12
19210,14
19211,10
19212,18
19213,5
19214,3
19215,15
19216,13
19217,9
19218,1
19219,3
19220,5
19221,6
19222,0
19223,15
19224,13
19225,8
19226,10
19227,19
19228,4
19229,2
19230,13
19231,10
19232,14
19233,10
19234,10
19235,6
19236,16
19237,19
19238,16
19239,1
19240,11
19241,7
19242,1
19243,9
19244,7
19245,19
19246,11
19247,13
19248,6
19249,12
19250,2
19251,0
19252,0
19253,19
19254,2
19255,10
19256,13
19257,14
19258,8
19259,13
19260,3
19261,12
19262,7
19263,8
19264,17
19265,12
19266,8
19267,17
19268,0
19269,5
19270,6
19271,12
19272,10
19273,14
19274,3
19275,2
19276,19
19277,6
19278,19
19279,14
19280,14
19281,1
19282,3
19283,2
19284,7
19285,19
19286,10
19287,8
19288,4
19289,1
19290,15
19291,12
19292,9
19293,14
19294,11
19295,18
19296,7
19297,6
19298,7
19299,5
19300,4
19301,18
19302,18
19303,9
19304,1
19305,15
19306,2
19307,16
19308,16
19309,11
19310,16
19311,16
19312,7
19313,16
19314,3
19315,5
19316,0
19317,13
19318,17
19319,6
19320,9
19321,10
19322,14
19323,8
19324,3
19325,15
19326,7
19327,19
19328,15
19329,14
19330,14
19331,3
19332,6
19333,12
19334,2
19335,1
19336,12
19337,11
19338,9
19339,18
19340,12
19341,3
19342,14
19343,0
19344,16
19345,7
19346,11
19347,0
19348,2
19349,9
19350,19
19351,18
19352,16
19353,5
19354,6
19355,13
19356,14
19357,10
19358,7
19359,14
19360,3
19361,10
19362,16
19363,13
19364,19
19365,1
19366,16
19367,18
19368,2
19369,5
19370,2
19371,2
19372,15
19373,7
19374,13
19375,8
19376,19
19377,5
19378,7
19379,11
19380,8
19381,12
19382,15
19383,14
19384,15
19385,13
19386,16
19387,1
19388,8
19389,1
19390,12
19391,7
19392,6
19393,10
19394,4
19395,1
19396,18
19397,8
19398,18
19399,2
19400,12
19401,9
19402,12
19403,8
19404,1
19405,19
19406,18
19407,3
19408,13
19409,12
19410,14
19411,6
19412,2
19413,2
19414,3
19415,17
19416,10
19417,19
19418,1
19419,0
19420,12
19421,8
19422,3
19423,19
19424,2
19425,18
19426,17
19427,11
19428,0
19429,14
19430,10
19431,18
19432,3
19433,3
19434,3
19435,3
19436,14
19437,13
19438,1
19439,17
19440,14
19441,4
19442,12
19443,2
19444,10
19445,10
19446,18
19447,1
19448,5
19449,14
19450,9
19451,1
19452,19
19453,14
19454,17
19455,2
19456,7
19457,13
19458,1
19459,4
19460,5
19461,14
19462,15
19463,1
19464,2
19465,0
19466,4
19467,0
19468,0
19469,6
19470,6
19471,5
19472,0
19473,17
19474,3
19475,5
19476,13
19477,18
19478,11
19479,12
19480,0
19481,15
19482,10
19483,13
19484,10
19485,5
19486,4
19487,19
19488,16
19489,12
19490,17
19491,9
19492,15
19493,1
19494,7
19495,0
19496,13
19497,15
19498,9
19499,4
19500,0
19501,10
19502,19
19503,1
19504,13
19505,9
19506,19
19507,4
19508,14
19509,12
19510,2
19511,14
19512,8
19513,7
19514,7
19515,4
19516,12
19517,2
19518,15
19519,7
19520,7
19521,13
19522,2
19523,14
19524,12
19525,17
19526,10
19527,3
19528,16
19529,18
19530,1
19531,3
19532,19
19533,8
19534,0
19535,19
19536,3
19537,1
19538,12
19539,15
19540,19
19541,12
19542,1
19543,11
19544,1
19545,17
19546,0
19547,4
19548,19
19549,16
19550,17
19551,18
19552,0
19553,9
19554,17
19555,8
19556,7
19557,18
19558,6
19559,7
19560,8
19561,19
19562,17
19563,9
19564,18
19565,2
19566,15
19567,1
19568,15
19569,8
19570,14
19571,9
19572,6
19573,13
19574,5
19575,1
19576,2
19577,1
19578,4
19579,2
19580,14
19581,6
19582,12
19583,11
19584,8
19585,8
19586,1
19587,11
19588,16
19589,14
19590,0
19591,8
19592,16
19593,6
19594,17
19595,11
19596,14
19597,15
19598,15
19599,15
19600,11
19601,16
19602,5
19603,16
19604,5
19605,9
19606,13
19607,13
19608,6
19609,8
19610,4
19611,7
19612,0
19613,8
19614,0
19615,6
19616,12
19617,16
19618,4
19619,17
19620,14
19621,5
19622,12
19623,2
19624,10
19625,19
19626,11
19627,14
19628,13
19629,14
19630,16
19631,12
19632,18
19633,11
19634,10
19635,8
19636,0
19637,15
19638,14
19639,14
19640,5
19641,3
19642,16
19643,0
19644,15
19645,14
19646,13
19647,9
19648,9
19649,2
19650,0
19651,3
19652,1
19653,19
19654,8
19655,1
19656,16
19657,19
19658,17
19659,12
19660,4
19661,15
19662,4
19663,11
19664,10
19665,6
19666,17
19667,13
19668,11
19669,14
19670,4
19671,19
19672,10
19673,6
19674,9
19675,18
19676,3
19677,0
19678,15
19679,14
19680,4
19681,13
19682,9
19683,16
19684,14
19685,4
19686,7
19687,5
19688,15
19689,8
19690,11
19691,2
19692,5
19693,5
19694,5
19695,14
19696,3
19697,8
19698,2
19699,2
19700,12
19701,6
19702,6
19703,3
19704,10
19705,7
19706,1
19707,15
19708,14
19709,2
19710,12
19711,0
19712,13
19713,16
19714,5
19715,14
19716,4
19717,0
19718,5
19719,3
19720,0
19721,8
19722,5
19723,13
19724,1
19725,4
19726,0
19727,1
19728,13
19729,19
19730,4
19731,3
19732,7
19733,0
19734,19
19735,18
19736,11
19737,0
19738,0
19739,6
19740,14
19741,14
19742,4
19743,0
19744,10
19745,10
19746,3
19747,15
19748,8
19749,3
19750,4
19751,11
19752,2
19753,11
19754,13
19755,14
19756,17
19757,10
19758,13
19759,18
19760,7
19761,3
19762,18
19763,7
19764,11
19765,14
19766,10
19767,16
19768,16
19769,15
19770,10
19771,19
19772,4
19773,3
19774,4
19775,13
19776,15
19777,15
19778,1
19779,14
19780,2
19781,7
19782,3
19783,16
19784,5
19785,0
19786,10
19787,16
19788,17
19789,3
19790,3
19791,2
19792,1
19793,10
19794,12
19795,2
19796,12
19797,2
19798,6
19799,8
19800,4
19801,16
19802,5
19803,19
19804,18
19805,5
19806,12
19807,13
19808,19
19809,5
19810,4
19811,5
19812,17
19813,14
19814,6
19815,4
19816,10
19817,1
19818,13
19819,12
19820,0
19821,14
19822,8
19823,3
19824,4
19825,2
19826,3
19827,16
19828,1
19829,17
19830,16
19831,3
19832,18
19833,3
19834,4
19835,15
19836,7
19837,15
19838,8
19839,17
19840,8
19841,1
19842,3
19843,5
19844,16
19845,8
19846,10
19847,17
19848,6
19849,11
19850,0
19851,4
19852,9
19853,19
19854,5
19855,15
19856,6
19857,18
19858,4
19859,13
19860,16
19861,1
19862,4
19863,2
19864,18
19865,3
19866,4
19867,17
19868,2
19869,9
19870,9
19871,8
19872,7
19873,18
19874,16
19875,17
19876,14
19877,5
19878,8
19879,3
19880,1
19881,3
19882,7
19883,5
19884,11
19885,12
19886,11
19887,13
19888,10
19889,17
19890,19
19891,11
19892,5
19893,6
19894,7
19895,10
19896,3
19897,2
19898,4
19899,1
19900,14
19901,19
19902,11
19903,19
19904,1
19905,19
19906,14
19907,5
19908,10
19909,3
19910,5
19911,1
19912,10
19913,10
19914,19
19915,12
19916,19
19917,13
19918,17
19919,5
19920,6
19921,9
19922,19
19923,16
19924,7
19925,10
19926,17
19927,9
19928,15
19929,4
19930,3
19931,4
19932,2
19933,6
19934,14
19935,1
19936,8
19937,5
19938,11
19939,6
19940,11
19941,10
19942,16
19943,15
19944,19
19945,4
19946,6
19947,16
19948,11
19949,16
19950,19
19951,10
19952,5
19953,18
19954,3
19955,8
19956,11
19957,17
19958,16
19959,3
19960,3
19961,3
19962,19
19963,16
19964,15
19965,12
19966,7
19967,3
19968,8
19969,1
19970,15
19971,16
19972,15
19973,0
19974,0
19975,6
19976,19
19977,7
19978,10
19979,6
19980,9
19981,15
19982,8
19983,10
19984,2
19985,2
19986,14
19987,18
19988,10
19989,12
19990,2
19991,6
19992,4
19993,8
19994,3
19995,8
19996,19
19997,12
19998,15
19999,16
20000,4
